date,ip_growth,inflation,tbill_3m,fci
1973-01-01,1.49873203250625,0.700119545898347,0.450833333333333,-0.25
1973-02-01,1.49873203250625,0.700119545898347,0.466666666666666,0.38
1973-03-01,0.0480103747525273,0.925932541279683,0.5075,0.89
1973-04-01,-0.166339899198453,0.688866099518525,0.521666666666666,0.9
1973-05-01,0.637367059157911,0.456621797958112,0.53,0.82
1973-06-01,0.0651647553159495,0.681046900252679,0.599166666666666,0.76
1973-07-01,0.427204092277655,0.0,0.6675,1.14
1973-08-01,-0.180765735315358,1.79377006866672,0.7225,1.67
1973-09-01,0.906753873044552,0.443459706786608,0.690833333333333,1.95
1973-10-01,0.686374058241812,0.881062968215484,0.601666666666666,1.83
1973-11-01,0.496179178917,0.655740054615883,0.6525,1.65
1973-12-01,-0.243303016853957,0.86768440256888,0.620833333333333,1.68
1974-01-01,-0.724458127987892,1.0741241831413,0.6475,1.09
1974-02-01,-0.292451032292495,1.06270925742859,0.593333333333333,0.45
1974-03-01,0.0103727228379924,1.05153439995229,0.663333333333333,0.4
1974-04-01,-0.281769698962497,0.625653761430555,0.694166666666666,1.2
1974-05-01,0.726122882191981,1.03413537947325,0.685833333333333,2.54
1974-06-01,-0.0951781254499017,0.819676720417827,0.658333333333333,3.88
1974-07-01,-0.00263902145101191,0.610378293801794,0.629166666666666,4.55
1974-08-01,-0.96725867627101,1.20969217088284,0.746666666666666,4.16
1974-09-01,0.0725869049139404,1.39305735359469,0.671666666666666,3.68
1974-10-01,-0.37548939381895,0.787405643090588,0.621666666666666,3.07
1974-11-01,-3.35430165882919,0.975617494536473,0.6225,2.32
1974-12-01,-3.57213072323583,0.773698250215249,0.595833333333333,2.07
1975-01-01,-1.39731972384891,0.767758089903436,0.521666666666666,1.46
1975-02-01,-2.3386190562872,0.57197486727869,0.458333333333333,0.72
1975-03-01,-1.06571882768222,0.379507096855169,0.4575,0.26
1975-04-01,0.135400823330256,0.378072283990604,0.4675,-0.05
1975-05-01,-0.233374087725479,0.18850146957714,0.435833333333333,-0.35
1975-06-01,0.675090760113228,0.750472565406745,0.445,-0.56
1975-07-01,1.06848784472259,0.930239266231369,0.510833333333333,-0.59
1975-08-01,0.901301391430076,0.3696861881326,0.536666666666666,-0.58
1975-09-01,1.24905180280872,0.735297430525871,0.535,-0.41
1975-10-01,0.405703498180543,0.547946576462532,0.496666666666666,-0.23
1975-11-01,0.261174714518919,0.725956001280447,0.456666666666666,-0.22
1975-12-01,1.23235443344982,0.541029272824733,0.453333333333333,-0.4
1976-01-01,1.44823524845114,0.35906681307285,0.405833333333333,-0.71
1976-02-01,0.953120847542354,0.179051077378833,0.406666666666666,-0.88
1976-03-01,0.101113643719319,0.178731057409642,0.416666666666666,-0.91
1976-04-01,0.571283533028088,0.178412179350129,0.405,-0.87
1976-05-01,0.454140455946205,0.533334597536239,0.433333333333333,-0.73
1976-06-01,-0.00433936085850739,0.530505222969335,0.450833333333333,-0.68
1976-07-01,0.587523010440183,0.527705710084358,0.435833333333333,-0.81
1976-08-01,0.689678192555476,0.524935588614372,0.428333333333333,-0.9
1976-09-01,0.2933877330344,0.522194398115161,0.423333333333333,-0.92
1976-10-01,0.033944064554392,0.51948168771041,0.41,-0.88
1976-11-01,1.45411752826096,0.344827927891611,0.395833333333333,-0.8
1976-12-01,1.03419144123733,0.515022597631542,0.3625,-0.75
1977-01-01,-0.547166012448707,0.512383699986962,0.385,-0.85
1977-02-01,1.51042692276992,1.0169579169629,0.389166666666666,-0.94
1977-03-01,1.23777523393502,0.50462680676242,0.383333333333333,-0.91
1977-04-01,0.901378229538485,0.668898815079632,0.378333333333333,-0.78
1977-05-01,0.846762313516125,0.332779009267536,0.413333333333333,-0.62
1977-06-01,0.734688354893675,0.497101272202016,0.418333333333333,-0.54
1977-07-01,0.170145207899707,0.49464239353254,0.4325,-0.55
1977-08-01,0.0208824070656366,0.492207720542836,0.4575,-0.5
1977-09-01,0.471198843717868,0.326797676461598,0.484166666666666,-0.4
1977-10-01,0.233110741779096,0.488202759730871,0.513333333333333,-0.28
1977-11-01,0.0654969813969508,0.647251450561725,0.508333333333333,-0.21
1977-12-01,0.140797558474581,0.482704074831552,0.505833333333333,-0.21
1978-01-01,-1.37144697176925,0.640002184546784,0.536666666666666,-0.28
1978-02-01,0.511360233179525,0.477327875265754,0.5375,-0.23
1978-03-01,1.86658523273255,0.632913505164722,0.524166666666666,-0.06
1978-04-01,2.06801513329475,0.785549994030887,0.524166666666666,0.12
1978-05-01,0.34311535225755,0.934586241823787,0.534166666666666,0.32
1978-06-01,0.687485147045396,0.772204609391025,0.560833333333333,0.45
1978-07-01,-0.0365468041504613,0.766287274556987,0.584166666666666,0.45
1978-08-01,0.366055991298708,0.608829886725459,0.59,0.4
1978-09-01,0.280277772932757,0.906350615334705,0.654166666666666,0.48
1978-10-01,0.804436183447698,0.89820963158278,0.665833333333333,1.07
1978-11-01,0.726120996271095,0.59435539008481,0.72,1.63
1978-12-01,0.567151407922716,0.590843668616614,0.756666666666666,1.59
1979-01-01,-0.669059668198945,0.87977107035293,0.779166666666666,1.16
1979-02-01,0.564825811382085,1.01671173554445,0.776666666666666,0.74
1979-03-01,0.334555066414665,1.006478661614,0.79,0.41
1979-04-01,-1.09044680495569,0.996449525943177,0.788333333333333,0.35
1979-05-01,0.771756217232688,1.1267724846343,0.800833333333333,0.47
1979-06-01,-0.0133492105300891,1.11421765532417,0.755,0.68
1979-07-01,-0.163624165739717,1.101939524961,0.77,0.93
1979-08-01,-0.663039566900192,0.954335804690043,0.793333333333333,1.26
1979-09-01,0.12360796408033,0.945314264375518,0.855,1.66
1979-10-01,0.528772223282558,1.06952891167475,0.975,2.06
1979-11-01,-0.0880317591651635,1.05821093305369,0.982499999999999,2.23
1979-12-01,0.0957841478737897,1.17725362252674,1.00333333333333,1.92
1980-01-01,0.432598475683043,1.42029501779932,1.0,1.66
1980-02-01,0.0571015207219804,1.27390257774298,1.07166666666666,1.89
1980-03-01,-0.319492792477094,1.38280016072922,1.26666666666666,2.92
1980-04-01,-2.04369155816244,0.993796999013252,1.1,3.55
1980-05-01,-2.45478301854111,0.984017780151091,0.715,2.87
1980-06-01,-1.24831583458187,0.97442914746777,0.589166666666666,1.73
1980-07-01,-0.654592796895148,0.121138718629776,0.671666666666666,0.9
1980-08-01,0.269016706962821,0.723766730023012,0.760833333333333,0.76
1980-09-01,1.62174870739675,0.837826564599808,0.855833333333333,1.03
1980-10-01,1.23307364766138,0.948998818484803,0.968333333333333,1.44
1980-11-01,1.7282712066756,1.05696814896871,1.14416666666666,2.21
1980-12-01,0.580521590467597,0.930239266231414,1.29083333333333,2.89
1981-01-01,-0.548694728327525,0.921665510492353,1.25166666666666,2.71
1981-02-01,-0.492286874453462,0.913248356327312,1.2325,2.02
1981-03-01,0.53156532974401,0.67950431328283,1.11333333333333,1.62
1981-04-01,-0.44395801011392,0.562747686572873,1.14083333333333,1.7
1981-05-01,0.628948347446245,0.671143458798617,1.35833333333333,2.22
1981-06-01,0.454448463925505,0.88790816411306,1.2275,2.86
1981-07-01,0.642161042829814,1.09891215755952,1.24583333333333,3.24
1981-08-01,-0.0166727735932958,0.762115828107212,1.2925,3.06
1981-09-01,-0.628609952448355,0.971405372047318,1.225,2.81
1981-10-01,-0.692686517829654,0.321716095177571,1.12833333333333,2.6
1981-11-01,-1.12119761409217,0.427351077738169,0.904999999999999,2.3
1981-12-01,-1.10980061060517,0.319319057915557,0.904166666666666,2.0
1982-01-01,-1.97633728312753,0.318302656012115,1.02333333333333,1.79
1982-02-01,1.92871340236822,0.317292704057692,1.12333333333333,1.83
1982-03-01,-0.74462881295112,0.0,1.05666666666666,1.94
1982-04-01,-0.88352877521407,0.316289140850845,1.05833333333333,1.99
1982-05-01,-0.616405499315098,0.942909028885186,1.0075,2.17
1982-06-01,-0.327780038659719,1.14049966139901,1.03916666666666,2.54
1982-07-01,-0.325133675801847,0.514139950041858,0.945833333333333,2.61
1982-08-01,-0.828337153743552,0.204918104493589,0.723333333333333,2.65
1982-09-01,-0.317400551269253,0.0,0.66,3.05
1982-10-01,-0.893865397849635,0.408580752258025,0.6425,2.36
1982-11-01,-0.389087849333114,-0.101988790074525,0.6725,1.14
1982-12-01,-0.725290693510993,-0.3065919621835,0.661666666666666,0.59
1983-01-01,1.87840262202891,0.20449904877271,0.655,0.2
1983-02-01,-0.606619159538102,0.102092913410789,0.675833333333333,-0.02
1983-03-01,0.804246027413579,0.101988790074525,0.695833333333333,-0.11
1983-04-01,1.20800852844174,0.711023818250478,0.684166666666666,-0.17
1983-05-01,0.693117342594629,0.404040953700501,0.6825,-0.31
1983-06-01,0.568033366599785,0.201409937170105,0.732499999999999,-0.31
1983-07-01,1.50868160103341,0.401606965488987,0.756666666666666,-0.22
1983-08-01,1.10791446159863,0.300150300375623,0.778333333333333,-0.18
1983-09-01,1.51915439200469,0.299252093645474,0.75,-0.21
1983-10-01,0.807052745860792,0.3976148379639,0.72,-0.12
1983-11-01,0.339472002613661,0.297177038915741,0.73,-0.02
1983-12-01,0.497331925814048,0.29629651306573,0.75,-0.02
1984-01-01,1.9791185454804,0.687963401353641,0.741666666666666,-0.14
1984-02-01,0.476928675456411,0.488520756604948,0.7575,-0.23
1984-03-01,0.466248507071576,0.291971010333469,0.793333333333333,-0.2
1984-04-01,0.640420110463191,0.38797332855891,0.8075,0.08
1984-05-01,0.465938535607257,0.193423657983071,0.819166666666666,0.52
1984-06-01,0.347712109653874,0.193050253005822,0.822499999999999,0.91
1984-07-01,0.330707789068673,0.384986038544177,0.843333333333333,0.92
1984-08-01,0.0620812292185135,0.287769982761521,0.8725,0.55
1984-09-01,-0.155091496462755,0.28694424279525,0.864166666666666,0.32
1984-10-01,-0.131206929176297,0.38131600064144,0.811666666666666,0.11
1984-11-01,0.38209969490004,0.1901141257024,0.717499999999999,-0.09
1984-12-01,0.105238850545497,0.189753377619172,0.671666666666666,-0.26
1985-01-01,-0.246219681782289,0.189393996007059,0.646666666666666,-0.45
1985-02-01,0.420335438568964,0.566039247171001,0.689166666666666,-0.48
1985-03-01,0.144591244244818,0.469264117819268,0.71,-0.39
1985-04-01,-0.258437066850447,0.187090793581123,0.6625,-0.37
1985-05-01,0.135428964426598,0.186741417479563,0.623333333333333,-0.44
1985-06-01,0.0689251092929055,0.279459893101563,0.579166666666666,-0.49
1985-07-01,-0.691214242766014,0.185873659462565,0.59,-0.41
1985-08-01,0.425490749790968,0.185528810174595,0.595,-0.28
1985-09-01,0.443940530286557,0.185185238107354,0.591666666666666,-0.18
1985-10-01,-0.405648921818491,0.369344833535212,0.596666666666666,-0.26
1985-11-01,0.32972639564579,0.459770924862912,0.603333333333333,-0.34
1985-12-01,1.03403695401862,0.45766670274121,0.591666666666666,-0.27
1986-01-01,0.477704757291341,0.364631215302058,0.589166666666666,-0.24
1986-02-01,-0.716691106262779,-0.182149412839116,0.588333333333333,-0.28
1986-03-01,-0.649096872004495,-0.548447444216027,0.546666666666666,-0.3
1986-04-01,0.0583218984270494,-0.367309871186094,0.505,-0.37
1986-05-01,0.198040411806488,0.275608810197969,0.5125,-0.46
1986-06-01,-0.320920562618898,0.366300775873718,0.5175,-0.36
1986-07-01,0.638276825058792,0.0913659268674926,0.485833333333333,-0.29
1986-08-01,-0.221026246557354,0.0912825257359806,0.460833333333333,-0.42
1986-09-01,0.189843608507356,0.36429912785012,0.434166666666666,-0.42
1986-10-01,0.445964495751383,0.181653092639777,0.431666666666666,-0.45
1986-11-01,0.472734931009899,0.181323712418102,0.445833333333333,-0.49
1986-12-01,0.848003965350052,0.361664047018806,0.460833333333333,-0.44
1987-01-01,-0.295090721639379,0.540055318000032,0.4525,-0.45
1987-02-01,1.25989944815296,0.358423322781487,0.465833333333333,-0.48
1987-03-01,0.152853874511205,0.357143236759771,0.465833333333333,-0.39
1987-04-01,0.619419952392252,0.444642795713434,0.47,-0.03
1987-05-01,0.657185308526564,0.265839766661013,0.471666666666666,0.37
1987-06-01,0.480982880036773,0.441501820911671,0.4725,0.32
1987-07-01,0.658370432744437,0.263968477077281,0.474166666666666,0.06
1987-08-01,0.800368058681577,0.438404910853496,0.503333333333333,-0.16
1987-09-01,0.262536428419046,0.349345333455986,0.533333333333333,0.07
1987-10-01,1.45548815446154,0.261210422792501,0.510833333333333,0.65
1987-11-01,0.543498684763932,0.347222571074912,0.474166666666666,0.84
1987-12-01,0.487299832885579,0.173160216427792,0.480833333333333,0.75
1988-01-01,0.0496115294757793,0.345423486808727,0.484166666666666,0.38
1988-02-01,0.406252265935158,0.172265331144672,0.471666666666666,0.08
1988-03-01,0.228226394594877,0.257842858794443,0.475,0.02
1988-04-01,0.527723928636092,0.59906041371569,0.4925,0.11
1988-05-01,-0.114678629435527,0.255645644130098,0.521666666666666,0.14
1988-06-01,0.25984792623257,0.424629088145156,0.538333333333333,0.12
1988-07-01,0.0487793708948913,0.4228336109521,0.560833333333333,0.25
1988-08-01,0.464012953678771,0.421053253634351,0.588333333333333,0.31
1988-09-01,-0.289224751935357,0.4192878260036,0.603333333333333,0.18
1988-10-01,0.470846803511282,0.334169066190259,0.612499999999999,0.11
1988-11-01,0.178858230686529,0.333056094716521,0.646666666666666,0.07
1988-12-01,0.455687889868361,0.331950512285228,0.6725,0.08
1989-01-01,0.28685535743218,0.413394553172796,0.689166666666666,0.08
1989-02-01,-0.428488822122208,0.329489589685305,0.710833333333333,0.19
1989-03-01,0.250470773362021,0.492207720542836,0.735,0.47
1989-04-01,0.0896936280868843,0.733798645291283,0.720833333333333,0.55
1989-05-01,-0.733942606639281,0.486224620803454,0.7025,0.34
1989-06-01,0.0646282275713616,0.322841281211872,0.679166666666666,0.22
1989-07-01,-0.966788404391039,0.321802369420076,0.656666666666666,0.15
1989-08-01,0.900535813975977,0.0,0.658333333333333,0.1
1989-09-01,-0.289231931880884,0.24067400305654,0.645833333333333,0.2
1989-10-01,-0.120624720195827,0.479617226349304,0.636666666666666,0.18
1989-11-01,0.332669008341746,0.397931285148089,0.640833333333333,0.03
1989-12-01,0.587076636289207,0.31720883061439,0.635833333333333,-0.05
1990-01-01,-0.630002489042791,0.945633524203604,0.636666666666666,-0.02
1990-02-01,0.938204945931442,0.391389932113561,0.645,-0.03
1990-03-01,0.53187084775379,0.46765478839017,0.658333333333333,0.0
1990-04-01,-0.101174904108525,0.233009814162343,0.6475,0.04
1990-05-01,0.161414325581077,0.155038790745454,0.645,-0.08
1990-06-01,0.32428415729484,0.61776258239572,0.644166666666666,-0.15
1990-07-01,-0.113252013782005,0.460830308619453,0.635,-0.16
1990-08-01,0.260335965875846,0.839379212846846,0.620833333333333,-0.03
1990-09-01,0.206063825282942,0.681562653505984,0.613333333333333,0.22
1990-10-01,-0.77117120057899,0.676948805524713,0.5975,0.39
1990-11-01,-1.1948706404385,0.224635062637368,0.588333333333333,0.29
1990-12-01,-0.67916729668136,0.373274042968407,0.561666666666666,0.38
1991-01-01,-0.456120174216678,0.371885887873713,0.518333333333333,0.42
1991-02-01,-0.661672394003609,0.0742115061887815,0.495,0.09
1991-03-01,-0.53812145552996,0.0,0.4925,-0.12
1991-04-01,0.216988197242606,0.222304648794668,0.470833333333333,-0.27
1991-05-01,0.988876894214563,0.369413054014167,0.455,-0.32
1991-06-01,0.924421759766591,0.294551022975753,0.464166666666666,-0.28
1991-07-01,0.00731550896357902,0.146950797935918,0.465,-0.39
1991-08-01,0.13694504276831,0.293255342127807,0.444166666666666,-0.54
1991-09-01,0.859288732826346,0.292397869143545,0.435,-0.54
1991-10-01,-0.224293015429033,0.145878946365929,0.415833333333333,-0.56
1991-11-01,-0.095541665528831,0.436364328777383,0.38,-0.61
1991-12-01,-0.381947520743786,0.289855275401151,0.339166666666666,-0.59
1992-01-01,-0.618798361907391,0.0723327337142976,0.316666666666666,-0.62
1992-02-01,0.725230208195082,0.216684808509004,0.32,-0.68
1992-03-01,0.869393366001869,0.360101217359432,0.336666666666666,-0.66
1992-04-01,0.692918777977613,0.215439939702655,0.3125,-0.68
1992-05-01,0.338471727712796,0.214976793649235,0.3025,-0.82
1992-06-01,-0.0228787506658001,0.285918708004562,0.305,-0.86
1992-07-01,0.891092577593255,0.285103543083931,0.2675,-0.87
1992-08-01,-0.478807828322125,0.213295495014165,0.260833333333333,-0.86
1992-09-01,0.227770908244018,0.212841513482597,0.2425,-0.76
1992-10-01,0.767053795321093,0.42432878378662,0.238333333333333,-0.6
1992-11-01,0.418706345071928,0.281888840641997,0.260833333333333,-0.63
1992-12-01,0.0670676191491637,0.140646999275162,0.268333333333333,-0.76
1993-01-01,0.476132489765657,0.350754480967818,0.25,-0.86
1993-02-01,0.368334810781334,0.209863665692022,0.244166666666666,-0.9
1993-03-01,-0.0460837340309439,0.139664827172136,0.245833333333333,-0.85
1993-04-01,0.299473789754145,0.348311045282034,0.239166666666666,-0.9
1993-05-01,-0.366162688524607,0.277777956390234,0.246666666666666,-0.94
1993-06-01,0.177686824704448,0.0693240928976379,0.255833333333333,-0.96
1993-07-01,0.288512326124657,0.138504177266174,0.253333333333333,-1.04
1993-08-01,-0.0614897648166135,0.207397239912943,0.251666666666666,-1.06
1993-09-01,0.47153213530926,0.138026246895783,0.245833333333333,-1.0
1993-10-01,0.762556819003101,0.412939334201123,0.251666666666666,-0.95
1993-11-01,0.405726920729598,0.274348594575091,0.258333333333333,-0.92
1993-12-01,0.515642438293095,0.205268631774213,0.255,-0.96
1994-01-01,0.407122179375107,0.0,0.248333333333333,-1.0
1994-02-01,0.0307979140978353,0.273037712285706,0.270833333333333,-0.95
1994-03-01,1.01907578793714,0.27229424584565,0.291666666666666,-0.82
1994-04-01,0.530594120812288,0.0679578687384108,0.306666666666666,-0.72
1994-05-01,0.562214346008804,0.203596948509865,0.345,-0.71
1994-06-01,0.672205910083612,0.270819393687915,0.345,-0.72
1994-07-01,0.167420731398859,0.33749610165259,0.360833333333333,-0.72
1994-08-01,0.560065861931047,0.403497521217932,0.373333333333333,-0.79
1994-09-01,0.353386672849964,0.201139859968524,0.385,-0.75
1994-10-01,0.838854188747362,0.0669568153572441,0.4125,-0.62
1994-11-01,0.616614783423141,0.267379838440273,0.440833333333333,-0.54
1994-12-01,1.02223024197796,0.200066755629624,0.466666666666666,-0.43
1995-01-01,0.203929658631985,0.266134554951413,0.475833333333333,-0.47
1995-02-01,-0.0945896751019859,0.265428158487335,0.480833333333333,-0.58
1995-03-01,0.145507175787162,0.198609797162951,0.4775,-0.63
1995-04-01,-0.0295346190071654,0.396040121609697,0.470833333333333,-0.67
1995-05-01,0.29649710160502,0.197433430371685,0.4725,-0.71
1995-06-01,0.39638823995407,0.197044398729939,0.455833333333333,-0.67
1995-07-01,-0.409011120203572,0.13114755978103,0.451666666666666,-0.67
1995-08-01,1.32563739114122,0.196399408465985,0.45,-0.71
1995-09-01,0.371509584809626,0.130718972862187,0.44,-0.69
1995-10-01,-0.145869484429805,0.26092643636133,0.44,-0.68
1995-11-01,0.249243055364534,0.130208351729876,0.446666666666666,-0.77
1995-12-01,0.381281265662814,0.130039030028328,0.428333333333333,-0.72
1996-01-01,-0.662984028111424,0.518471673418652,0.416666666666666,-0.71
1996-02-01,1.54970240246514,0.193735934022676,0.4025,-0.78
1996-03-01,-0.138705056250643,0.322061470004175,0.413333333333333,-0.71
1996-04-01,0.863935673207372,0.385109590209786,0.4125,-0.64
1996-05-01,0.713036846050307,0.192000058982433,0.418333333333333,-0.68
1996-06-01,0.833723154247501,0.191632125076424,0.424166666666666,-0.69
1996-07-01,-0.196721287638368,0.191265598633272,0.429166666666666,-0.66
1996-08-01,0.618803088925634,0.127307464679837,0.420833333333333,-0.72
1996-09-01,0.639471492179133,0.317561397388654,0.424166666666666,-0.71
1996-10-01,-0.0756783613783618,0.316556136456114,0.415833333333333,-0.72
1996-11-01,0.859356782969467,0.315557219880968,0.419166666666666,-0.76
1996-12-01,0.624626280324758,0.251730781137737,0.409166666666666,-0.66
1997-01-01,0.156325983110061,0.188383101237388,0.419166666666666,-0.63
1997-02-01,1.20414280526191,0.188028886485192,0.4175,-0.69
1997-03-01,0.699347246839998,0.0625978111207459,0.428333333333333,-0.69
1997-04-01,0.0732983727423253,0.0625586507734254,0.43,-0.63
1997-05-01,0.625735075337452,0.0,0.420833333333333,-0.6
1997-06-01,0.492836627722237,0.187441479435079,0.410833333333333,-0.62
1997-07-01,0.851277547951756,0.124766079815508,0.420833333333333,-0.66
1997-08-01,0.971055245420871,0.249066131245179,0.428333333333333,-0.64
1997-09-01,0.882913635373228,0.248447332766144,0.4125,-0.6
1997-10-01,0.891056874642526,0.185931259018357,0.414166666666666,-0.55
1997-11-01,0.882106455816256,0.123762392034976,0.428333333333333,-0.44
1997-12-01,0.318530976006759,0.0618238041330876,0.43,-0.48
1998-01-01,0.507167438385192,0.123533060799196,0.42,-0.56
1998-02-01,0.0836834576413814,0.0,0.424166666666666,-0.65
1998-03-01,0.0799278788634616,0.0,0.419166666666666,-0.68
1998-04-01,0.347276557034614,0.1233806448929,0.4125,-0.64
1998-05-01,0.615739818003469,0.246305543239788,0.416666666666666,-0.6
1998-06-01,-0.653897851976825,0.122925645472982,0.415,-0.59
1998-07-01,-0.378813971059077,0.245398896156601,0.413333333333333,-0.6
1998-08-01,2.05906355091833,0.122473989589622,0.408333333333333,-0.44
1998-09-01,-0.256390797188377,0.061180791140547,0.384166666666666,-0.12
1998-10-01,0.769759715018025,0.24434954124759,0.33,0.09
1998-11-01,-0.0405921825031185,0.121951234626127,0.3675,-0.07
1998-12-01,0.350289419027216,0.182648452603473,0.365833333333333,-0.16
1999-01-01,0.464998571690333,0.18231545615146,0.361666666666666,-0.25
1999-02-01,0.451736506809386,0.0,0.37,-0.36
1999-03-01,0.191786210360778,0.060698029177697,0.37,-0.42
1999-04-01,0.1931306196008,0.66525797210275,0.3575,-0.46
1999-05-01,0.766775902973915,0.0602591160144605,0.375,-0.45
1999-06-01,-0.157172246982106,0.0,0.380833333333333,-0.37
1999-07-01,0.632170810266607,0.42080014002046,0.379166666666666,-0.27
1999-08-01,0.405209223410718,0.239664584460008,0.393333333333333,-0.18
1999-09-01,-0.355073602692712,0.41803584317579,0.39,-0.16
1999-10-01,1.32857600962434,0.178624638146374,0.405,-0.09
1999-11-01,0.489524997220503,0.178306139365602,0.4225,-0.2
1999-12-01,0.760728075724603,0.237248035363091,0.433333333333333,-0.21
2000-01-01,0.0367656948385253,0.295770697723263,0.443333333333333,-0.24
2000-02-01,0.298234917075745,0.412614791117249,0.4625,-0.26
2000-03-01,0.427609768584691,0.58651194523982,0.474166666666666,-0.2
2000-04-01,0.73132064008945,-0.0584966381114604,0.471666666666666,-0.11
2000-05-01,0.214969052715385,0.17538735860958,0.4825,-0.06
2000-06-01,0.0785266372920645,0.582412828598855,0.474166666666666,-0.04
2000-07-01,-0.117921043256341,0.289939315900245,0.496666666666666,-0.14
2000-08-01,-0.341058844738029,0.0,0.5075,-0.27
2000-09-01,0.379266248804643,0.519781707361755,0.5,-0.23
2000-10-01,-0.34731696882666,0.17266191339873,0.509166666666666,-0.22
2000-11-01,-0.00703879513439531,0.172364305816508,0.514166666666666,-0.25
2000-12-01,-0.298358599519677,0.229357898709903,0.480833333333333,-0.07
2001-01-01,-0.731923560776426,0.571103779551496,0.429166666666666,-0.16
2001-02-01,-0.62385370379383,0.227531383713497,0.406666666666666,-0.32
2001-03-01,-0.29583324816409,0.0568020464008611,0.368333333333333,-0.24
2001-04-01,-0.299147625343376,0.170212807053093,0.3225,-0.27
2001-05-01,-0.730217078728934,0.508906950747167,0.301666666666666,-0.44
2001-06-01,-0.665929954440347,0.225352208044338,0.290833333333333,-0.45
2001-07-01,-0.534464944832002,-0.168966528512726,0.2925,-0.51
2001-08-01,-0.200965106727402,0.0,0.28,-0.56
2001-09-01,-0.352152749453882,0.393812042013763,0.22,-0.28
2001-10-01,-0.497867963383846,-0.281135973754675,0.18,-0.28
2001-11-01,-0.543373574386407,-0.0563221642599032,0.155833333333333,-0.41
2001-12-01,0.0174374317858827,-0.0563539039991845,0.140833333333333,-0.3
2002-01-01,0.616155040738419,0.168966528512726,0.1375,-0.41
2002-02-01,0.0140216720561525,0.168681513147905,0.144166666666666,-0.5
2002-03-01,0.778586055242058,0.280505092760829,0.149166666666666,-0.48
2002-04-01,0.449824428960354,0.447177939139376,0.143333333333333,-0.57
2002-05-01,0.429873329328245,0.11148273172461,0.144166666666666,-0.68
2002-06-01,0.953237774740856,0.0556947939766239,0.141666666666666,-0.58
2002-07-01,-0.235817043738517,0.222469502211097,0.14,-0.45
2002-08-01,0.0197004968612191,0.277392688272559,0.135,-0.41
2002-09-01,0.100667920632258,0.166067018514048,0.135833333333333,-0.34
2002-10-01,-0.31379509267877,0.220994565080268,0.131666666666666,-0.33
2002-11-01,0.509279467314893,0.165426009602587,0.1025,-0.43
2002-12-01,-0.479840217892313,0.165152803847323,0.0991666666666666,-0.41
2003-01-01,0.672174510847778,0.439078641749013,0.0974999999999999,-0.44
2003-02-01,0.280244816850405,0.546151002552175,0.0974999999999999,-0.48
2003-03-01,-0.20894790760666,0.163265342388552,0.0941666666666666,-0.5
2003-04-01,-0.781498750044296,-0.381367937024546,0.0941666666666666,-0.65
2003-05-01,0.047392546652869,-0.163889684321016,0.0891666666666666,-0.76
2003-06-01,0.0378978723766465,0.10928962836445,0.0766666666666666,-0.72
2003-07-01,0.592678279508351,0.327154054061562,0.075,-0.71
2003-08-01,-0.25446350689533,0.434547125950146,0.0791666666666666,-0.66
2003-09-01,0.568598037711254,0.324675609887048,0.0783333333333333,-0.64
2003-10-01,0.0712066352717144,-0.108108118637328,0.0766666666666666,-0.68
2003-11-01,0.759027774770171,0.0540686685245539,0.0775,-0.72
2003-12-01,-0.112544565331163,0.269905696916517,0.075,-0.72
2004-01-01,0.264667308448807,0.430339556005332,0.0733333333333333,-0.77
2004-02-01,0.5250667031647,0.214477294013359,0.0775,-0.83
2004-03-01,-0.517958710333132,0.214018273236771,0.0783333333333333,-0.84
2004-04-01,0.377854409336109,0.160213652427732,0.0783333333333333,-0.81
2004-05-01,0.758047605224732,0.42598573469581,0.085,-0.74
2004-06-01,-0.808716352028504,0.371254735618453,0.105833333333333,-0.74
2004-07-01,0.766110057331381,0.105820115694754,0.110833333333333,-0.73
2004-08-01,0.0306048350457111,0.0528680953365778,0.123333333333333,-0.72
2004-09-01,0.0696100353027695,0.316622955805012,0.1375,-0.74
2004-10-01,0.956537588480621,0.525487283835879,0.146666666666666,-0.74
2004-11-01,0.206877049337705,0.470589103741225,0.1725,-0.74
2004-12-01,0.680893461880405,0.0,0.1825,-0.76
2005-01-01,0.469141353376834,-0.0521784514838863,0.194166666666666,-0.77
2005-02-01,0.642925923079218,0.416667269484616,0.211666666666666,-0.8
2005-03-01,-0.0884738941670626,0.363165120286268,0.228333333333333,-0.81
2005-04-01,0.13420194104432,0.310238097848181,0.231666666666666,-0.74
2005-05-01,0.172864330960553,-0.0516395570473449,0.236666666666666,-0.69
2005-06-01,0.395832011084529,0.0516395570473449,0.2475,-0.71
2005-07-01,-0.195996435035628,0.617603610056427,0.268333333333333,-0.72
2005-08-01,0.153031163245032,0.613812668878566,0.286666666666666,-0.71
2005-09-01,-2.00673727609448,1.36745610201733,0.285,-0.69
2005-10-01,1.28420605919394,0.150791684767703,0.309166666666666,-0.68
2005-11-01,0.979734264073339,-0.503525736564558,0.323333333333333,-0.7
2005-12-01,0.571928979295499,0.0,0.324166666666666,-0.7
2006-01-01,0.120545093390767,0.60392735142436,0.353333333333333,-0.7
2006-02-01,0.0418363152544287,0.0501630308988865,0.369166666666666,-0.73
2006-03-01,0.255904849445798,0.150338289403162,0.375833333333333,-0.75
2006-04-01,0.376116942854754,0.499501538052271,0.383333333333333,-0.77
2006-05-01,-0.143575927328143,0.298507684345406,0.393333333333333,-0.76
2006-06-01,0.384664385759236,0.248077527376278,0.399166666666666,-0.69
2006-07-01,0.0120801260574232,0.543613891225991,0.4125,-0.68
2006-08-01,0.33397952769425,0.442587395685567,0.413333333333333,-0.72
2006-09-01,-0.175128621301645,-0.491884907159612,0.400833333333333,-0.72
2006-10-01,-0.0371074018190142,-0.444774639823641,0.41,-0.75
2006-11-01,-0.127783385190483,0.049517208241312,0.411666666666666,-0.79
2006-12-01,0.97150356742004,0.543077118513402,0.404166666666666,-0.73
2007-01-01,-0.472653154290547,0.16579060562325,0.415,-0.79
2007-02-01,1.07982103403943,0.387084913353952,0.419166666666666,-0.85
2007-03-01,0.136148979270078,0.518664749319963,0.411666666666666,-0.75
2007-04-01,0.723346778278166,0.299616948199865,0.405833333333333,-0.75
2007-05-01,0.0436503048218739,0.412447665692372,0.394166666666666,-0.76
2007-06-01,-0.00619178968888078,0.2314072179459,0.384166666666666,-0.68
2007-07-01,0.0461296070389138,0.177901246668099,0.401666666666666,-0.55
2007-08-01,0.126696957865313,0.0308233200118302,0.35,-0.04
2007-09-01,0.382209486157947,0.422860024543858,0.324166666666666,0.17
2007-10-01,-0.487845669637554,0.307849440109908,0.325,-0.05
2007-11-01,0.56498590536993,0.782816408287345,0.2725,0.23
2007-12-01,-0.0236222192882884,0.289382340294874,0.25,0.59
2008-01-01,-0.247077142960083,0.34417753671736,0.229166666666666,0.37
2008-02-01,-0.26983765340347,0.241490863745408,0.176666666666666,0.43
2008-03-01,-0.266966029488546,0.357164189274517,0.105,0.82
2008-04-01,-0.72253445286865,0.231170696550808,0.1075,0.72
2008-05-01,-0.463006343005556,0.59000520681236,0.144166666666666,0.42
2008-06-01,-0.199741547626874,1.0423718797166,0.155,0.56
2008-07-01,-0.490758853008532,0.711606539350473,0.135833333333333,0.74
2008-08-01,-1.54402527472656,-0.14895846082954,0.143333333333333,0.6
2008-09-01,-4.29893877490217,0.0854726299673203,0.0941666666666666,1.39
2008-10-01,0.845769520068895,-0.863561639955801,0.0558333333333333,2.75
2008-11-01,-1.28757930550946,-1.78640940928183,0.0158333333333333,2.79
2008-12-01,-2.87805096469959,-0.826760505408152,0.0025,2.65
2009-01-01,-2.22471511300002,0.25275743322668,0.0108333333333333,1.92
2009-02-01,-0.718260879964738,0.36360422314452,0.025,1.72
2009-03-01,-1.50239831780441,-0.0987770541272858,0.0175,1.59
2009-04-01,-0.782584139879727,0.100657575219731,0.0133333333333333,1.17
2009-05-01,-1.06345456018033,0.147041233264744,0.015,0.79
2009-06-01,-0.378706831199515,0.826535985544119,0.015,0.64
2009-07-01,0.992289736046636,-0.0298009855155712,0.015,0.42
2009-08-01,0.949162859774777,0.334285979087933,0.0141666666666666,0.17
2009-09-01,0.729759447729705,0.192902546683626,0.01,0.06
2009-10-01,0.358315778684481,0.299743499858529,0.00583333333333333,-0.01
2009-11-01,0.384856483598827,0.334299654493097,0.00416666666666666,-0.08
2009-12-01,0.333813180035491,0.0520041154797645,0.00416666666666666,-0.14
2010-01-01,1.21199745664961,0.0547361753080899,0.005,-0.25
2010-02-01,0.264679531545564,-0.098914934327432,0.00916666666666666,-0.31
2010-03-01,0.75555576224815,0.0248529534872865,0.0125,-0.47
2010-04-01,0.393634107919993,0.0326676347166099,0.0133333333333333,-0.52
2010-05-01,1.5479689566197,-0.0354287689908083,0.0133333333333333,-0.22
2010-06-01,0.226586782331583,-0.00644294313865145,0.01,-0.16
2010-07-01,0.628246509969354,0.180245679452095,0.0133333333333333,-0.29
2010-08-01,0.283800935707301,0.153779446356239,0.0133333333333333,-0.35
2010-09-01,0.263198755766502,0.123311643361834,0.0125,-0.39
2010-10-01,-0.310552149347387,0.339808927385831,0.0108333333333333,-0.47
2010-11-01,0.197557418031912,0.237135515439934,0.0116666666666666,-0.46
2010-12-01,0.844364645429518,0.405927176952758,0.0116666666666666,-0.47
2011-01-01,0.0249457754651238,0.292173364606451,0.0125,-0.52
2011-02-01,-0.553181220075593,0.331453595178121,0.0108333333333333,-0.55
2011-03-01,0.991684377580437,0.512174800012399,0.00833333333333333,-0.53
2011-04-01,-0.47176557452051,0.492606323519417,0.005,-0.58
2011-05-01,0.316839208852748,0.383987072371194,0.00333333333333333,-0.55
2011-06-01,0.234985129849718,0.0320065438333294,0.00333333333333333,-0.54
2011-07-01,0.637959671744869,0.24992078138748,0.00333333333333333,-0.47
2011-08-01,0.486382178231537,0.263890948399936,0.00166666666666666,-0.12
2011-09-01,0.102022896585474,0.231878784970707,0.000833333333333333,0.01
2011-10-01,0.513626271718603,0.0383737475349477,0.00166666666666666,-0.02
2011-11-01,0.110255164806183,0.165235762880833,0.000833333333333333,0.01
2011-12-01,0.386566750977301,-0.0189331813373883,0.000833333333333333,-0.05
2012-01-01,0.852763873022599,0.252001743004903,0.0025,-0.25
2012-02-01,0.374240262141789,0.207106637376153,0.0075,-0.39
2012-03-01,-0.38288511843163,0.260030352046758,0.00666666666666666,-0.48
2012-04-01,0.819388899955075,0.197416184103183,0.00666666666666666,-0.51
2012-05-01,0.325617110857745,-0.130984937997258,0.0075,-0.4
2012-06-01,0.050958929750422,-0.0257805725151882,0.0075,-0.36
2012-07-01,0.558636302353843,-0.0201047194321013,0.00833333333333333,-0.46
2012-08-01,-0.60722686809278,0.511411941453143,0.00833333333333333,-0.51
2012-09-01,0.279587289859062,0.491934411868033,0.00916666666666666,-0.61
2012-10-01,-0.0774534496259526,0.244630993030892,0.00833333333333333,-0.66
2012-11-01,0.970091076172607,-0.199636227239707,0.0075,-0.66
2012-12-01,0.0990759771975824,-0.0393693127785255,0.00583333333333333,-0.7
2013-01-01,0.052143288495543,0.0960166156548147,0.00583333333333333,-0.73
2013-02-01,0.643601026785667,0.550958455277417,0.00833333333333333,-0.76
2013-03-01,0.447485734007724,-0.225534556318685,0.0075,-0.8
2013-04-01,-0.177867965878952,-0.15869528236605,0.005,-0.82
2013-05-01,0.105672403272816,0.179806917756053,0.00333333333333333,-0.8
2013-06-01,0.193041620157519,0.316570296897378,0.00416666666666666,-0.73
2013-07-01,-0.165886755800137,0.16819995727122,0.00333333333333333,-0.76
2013-08-01,0.557055900973502,0.0775683851315101,0.00333333333333333,-0.79
2013-09-01,0.716436798796849,0.132712316342864,0.00166666666666666,-0.8
2013-10-01,0.100527604680422,0.0166835998462566,0.00416666666666666,-0.86
2013-11-01,0.549968249721377,0.107307386075739,0.00583333333333333,-0.94
2013-12-01,0.179567411143022,0.239422938920164,0.00583333333333333,-0.95
2014-01-01,-0.186867307665306,0.14440066658814,0.00333333333333333,-0.94
2014-02-01,1.06730924289371,0.100403750601252,0.00416666666666666,-0.96
2014-03-01,0.833080174439881,0.200081203684554,0.00416666666666666,-0.95
2014-04-01,-0.256153812882331,0.26022807939654,0.0025,-0.93
2014-05-01,0.590597275804949,0.350279334859493,0.0025,-0.95
