date,unit,g_rgdp,g_cpi,sti,g_oil,g_gas
1960-06-30,de,1.6016401734413765,0.5693386668187639,5.87919956521739,0.0,0.0
1960-09-30,de,5.1936369708937224,0.0,6.597192876254179,0.0,0.0
1960-12-31,de,-0.23450615942599562,0.2834583797126644,6.569366789297658,0.0,0.0
1961-03-31,de,0.6251175351432714,0.9257461967902003,5.2293619583797835,-3.7504465667605125,3.2955847613321376
1961-06-30,de,-0.7032539152974415,0.7583353044521068,4.287880883898709,0.0,0.0
1961-09-30,de,3.8271640834987686,0.6341678011284824,4.158388528428093,0.0,0.0
1961-12-31,de,-0.7969270123707073,0.39432227750397786,4.919584180602007,0.0,0.0
1962-03-31,de,1.0809934811753408,1.5231694595499334,4.018695291713117,-3.2365284502031577,3.190432152557654
1962-06-30,de,0.874785886195717,0.5411686960726136,4.151067697085523,0.0,0.0
1962-09-30,de,4.162107176791308,-0.0771307404224153,4.305127658862876,0.0,0.0
1962-12-31,de,-1.4675450511697274,0.46189458562944097,5.431758093645485,0.0,0.0
1963-03-31,de,-3.942175602910547,2.2780028331820024,4.433473069490896,-1.3245226750020767,-1.6638351295601428
1963-06-30,de,4.224152760063049,0.18751177442446476,4.717221543239369,0.0,0.0
1963-09-30,de,5.2058413511403945,-0.5259215728484978,4.902301571906355,0.0,0.0
1963-12-31,de,-0.7686424042221418,1.309653891984519,6.0916493979933115,0.0,0.0
1964-03-31,de,0.9851018977843129,1.2927234501459939,4.428869894887722,-3.390155167568137,-4.178984876552505
1964-06-30,de,1.0515277458004846,0.0,4.718210554228381,0.0,0.0
1964-09-30,de,2.8292418508349293,0.07336757482439005,4.945888528428094,0.0,0.0
1964-12-31,de,0.09988946262033949,0.8762378078986277,6.480453745819399,0.0,0.0
1965-03-31,de,1.2420546277954525,1.0846093309390348,5.094139736157563,-2.090668481931368,6.576729277830506
1965-06-30,de,1.403001309023022,1.0017972870278502,5.724803960821787,0.0,0.0
1965-09-30,de,2.4591405717627524,0.8154627709366924,6.289910267558529,0.0,0.0
1965-12-31,de,-0.6548279935074675,0.9838449000287852,7.651432006688964,0.0,0.0
1966-03-31,de,1.4181960959454898,1.2163486193197404,6.483473069490897,-4.31721718652086,1.7135059114040452
1966-06-30,de,0.14435707949598253,0.962537510415018,7.510078686096513,0.0,0.0
1966-09-30,de,1.9180831584156177,-0.1712036028514774,7.9523015719063554,0.0,0.0
1966-12-31,de,-2.8252023431624806,0.887075076603594,8.781214615384616,0.0,0.0
1967-03-31,de,-0.8803110402173964,0.7782140442055052,6.480250847268673,-2.230575751429825,3.7343041580297776
1967-06-30,de,-0.4757674199642459,0.3364740724954185,5.1006281366459625,0.0,0.0
1967-09-30,de,4.181280803344123,-0.23541292190309981,4.555345050167224,0.0,0.0
1967-12-31,de,0.026329497689348003,0.23541292190309981,5.145562441471572,0.0,0.0
1968-03-31,de,-2.396888783462048,1.168822790400803,4.484144620162447,-0.7547205635382914,-0.5615232117318181
1968-06-30,de,4.537314804667236,0.06637902666564166,4.734584180602008,0.0,0.0
1968-09-30,de,3.6324972609178996,-0.16603025563957097,4.614801571906355,0.0,0.0
1968-12-31,de,2.073270724824239,0.695482187336971,5.618605919732442,0.0,0.0
1969-03-31,de,-2.6143692931039464,1.0179040441997689,5.054139736157563,-3.8614836127779633,2.9272942140502245
1969-06-30,de,4.3087581210421,0.4563241295205689,5.8104083564261835,0.0,0.0
1969-09-30,de,3.421923980313135,-0.09760859730554294,7.455453745819399,0.0,0.0
1969-12-31,de,1.689607017254069,0.5518598651018891,9.03773635451505,0.0,0.0
1970-03-31,de,-3.295521433681037,1.9237528182443064,10.592139736157561,-4.839654086185022,-0.5207199524420725
1970-06-30,de,3.8422805402273497,0.8852413168491502,10.945023741041567,0.0,0.0
1970-09-30,de,1.9759149980462354,0.1572574628216028,10.42469287625418,0.0,0.0
1970-12-31,de,0.8658062743114314,0.9383866168920285,9.884475484949833,0.0,0.0
1971-03-31,de,-1.9587133275304591,2.368977112240467,8.531473069490895,30.40758822274573,8.746516665597781
1971-06-30,de,1.9587133275304591,1.4788258032723434,7.491507257525083,0.0,0.0
1971-09-30,de,1.7094433359300165,0.8353270528970835,8.658062441471571,5.918887139033063,0.0
1971-12-31,de,0.0,0.8284071043420216,8.130997224080266,0.0,0.0
1972-03-31,de,0.0,2.04148238881543,6.012935828953654,1.7094433359300276,6.5834562113879835
1972-06-30,de,1.6807118316381597,1.062465127233958,5.767880883898709,0.0,0.0
1972-09-30,de,2.2658023892583756,1.389896151479597,5.9736059197324405,5.495888428075746,0.0
1972-12-31,de,1.616196795699798,1.5651521293801096,8.90219287625418,0.0,0.0
1973-03-31,de,1.3930573535946955,2.2485180913221825,9.269473069490894,10.642946284673126,17.98277643856252
1973-06-30,de,0.7874056430905885,1.9334651707455741,13.27678198279981,12.204743444284095,0.0
1973-09-30,de,0.19588644853332227,0.9792323847862328,15.429258093645485,13.883644485421609,0.0
1973-12-31,de,0.1955034835803282,1.8784794468710508,14.826214615384615,41.773520069997836,0.0
1974-03-31,de,0.9718249468921414,2.400523848992231,12.396250847268673,115.39623837512747,69.75763797226983
1974-06-30,de,-0.19361090268663617,1.5772013009301311,10.593045719063545,-20.409550029436517,0.0
1974-09-30,de,0.0,0.9148289787990205,10.660345050167225,-5.826876417312565,0.0
1974-12-31,de,-1.1696039763191557,1.36887984483538,10.195671137123746,2.9558728169745585,0.0
1975-03-31,de,-0.5899722127188145,1.852127508010737,7.687806402824229,1.158322248330057,11.809194888679642
1975-06-30,de,-0.5934735519814716,1.9120138710720713,5.975353411371238,0.0,0.0
1975-09-30,de,1.183445764700286,0.7686074870884685,5.213714615384616,0.09592546250134504,0.0
1975-12-31,de,1.9418085857101808,0.7627449437028755,5.213714615384616,0.2872164011611833,0.0
1976-03-31,de,0.9569451016150587,1.6442480503238155,5.160384615384615,9.56577803355474,11.34389186106608
1976-06-30,de,1.324522675002049,1.0365122090204348,4.663714615384615,0.0,1.6270121163736828
1976-09-30,de,0.1877934824200178,0.2686368304583464,5.183714615384615,0.7788888378372771,2.6542084451479653
1976-12-31,de,1.6744577273801742,0.6684516868723733,4.997044615384615,2.553323706356858,2.8404965059530163
1977-03-31,de,0.9182800982334705,1.7609964207552231,4.680384615384615,4.9190276247049525,17.905390509673857
1977-06-30,de,0.5469475804535939,1.0634934743707358,4.270384615384615,-0.40080367176114073,4.779623297258828
1977-09-30,de,0.0,0.30178940775229535,3.9237146153846156,1.4354337832792385,2.405884704163297
1977-12-31,de,1.623119492858205,0.300881378933715,3.8137146153846153,0.3951027653135153,0.5925345435817242
1978-03-31,de,0.5352376738592568,1.2793351459909452,3.4970446153846155,-0.1578568413298509,14.186824520376895
1978-06-30,de,0.3552401604367539,0.9278851895589746,3.383714615384615,0.34170125456531864,1.0200656170163747
1978-09-30,de,1.233495815795127,-0.041990342838271744,3.6037146153846153,0.6538560049348163,0.3377226056390459
1978-12-31,de,1.2184659016367227,0.2935628025630077,3.8137146153846153,5.552051933873203,1.5057941401491526
1979-03-31,de,0.17286089006178784,1.702345448967968,3.9737146153846155,39.55517616523001,23.484821024997117
1979-06-30,de,3.061463581960666,1.288493130386037,4.817044615384615,40.836665981579316,3.3568183704798304
1979-09-30,de,0.0,1.2721019601311223,5.610384615384615,12.827478149642646,3.124802435425922
1979-12-31,de,0.5012541823544048,0.9187202626495417,6.773714615384615,13.383474466689105,2.431388773994936
1980-03-31,de,0.8298802814695527,1.8905643830231522,7.783714615384615,-3.8965968533383855,19.90194792605444
1980-06-30,de,-0.6633523495634286,1.6638031320719282,8.197044615384616,-2.3451661035049476,3.76687849497368
1980-09-30,de,-0.3333336419758304,0.5739445638615948,7.450384615384615,-8.95415434856659,3.0801461791537754
1980-12-31,de,-0.1670844164816998,0.8926087182628439,7.2237146153846155,14.898234430225132,2.1819792784107506
1981-03-31,de,1.1637704080209588,2.428210450013424,8.917044615384615,-1.8266345907198556,6.37717456143756
1981-06-30,de,-0.16542600960267606,1.7560356121488763,10.333714615384615,-10.905416542706492,3.237645915515941
1981-09-30,de,0.16542600960267606,1.3865352226043015,11.580414615384615,-1.8404662590210563,2.2614724673104103
1981-12-31,de,0.0,1.3322872255973728,9.903714615384615,4.074316987395754,2.4455259876323687
1982-03-31,de,0.330033302865651,1.2625101938742667,9.377044615384616,-8.085509640933708,2.2149716727851487
1982-06-30,de,-0.661159433231262,1.2467693966743632,8.343714615384615,-0.11631943874945705,3.1512294891046455
1982-09-30,de,-1.0000083334583465,1.1123585218661525,8.213384615384616,1.4510995456491038,1.902139048496032
1982-12-31,de,0.33444847228469854,0.914795469800378,6.580044615384615,-0.7110234293925544,2.0087862336149342
1983-03-31,de,0.8312599819365829,0.7057666667309448,5.253714615384616,-10.766619127581167,-3.5750098225718396
1983-06-30,de,1.1522761236780532,0.5010867341232128,5.047044615384615,1.0539889545880143,-1.8574373752939355
1983-09-30,de,-0.32786914616984575,0.961705306304772,5.690384615384615,2.408417210007885,0.8958766367043847
1983-12-31,de,1.4670189747794105,0.5102471773123618,5.7637146153846155,-4.020229187818991,0.14853556777651988
1984-03-31,de,1.2861913642407075,0.8338150164283853,5.607044615384615,0.20907286447546802,-0.9856912627886238
1984-06-30,de,-1.610340756657802,0.48725124822830423,5.540384615384616,0.3449658485628504,-0.3002413892147615
1984-09-30,de,2.7223458610656337,0.04859480131269578,5.570384615384615,-4.141346281750735,-0.1504594159820627
1984-12-31,de,0.7867861200613113,0.6778592773159176,5.190384615384615,-2.6296271856756537,-1.3644199857016925
1985-03-31,de,-0.47132844520980655,1.071924510617439,5.467044615384616,-0.2838610023884858,0.22507342128195162
1985-06-30,de,0.940445802797818,0.49210354090796216,5.4370446153846155,-1.555177650083639,-1.689469700524926
1985-09-30,de,1.2403259783420495,-0.19020452714810787,4.343714615384616,-0.5376357036380952,-2.748040966692722
1985-12-31,de,0.6144412572340663,0.19020452714810787,4.167044615384615,3.1029229523722,-3.1537776315115007
1986-03-31,de,-0.4604766386748338,0.2530445759535205,3.8870446153846157,-44.283828278105865,-4.18705722043029
1986-06-30,de,1.071165559492826,-0.2530445759535205,3.4770446153846155,-35.15461557980522,-7.007645118224914
1986-09-30,de,0.7581537452397313,-0.5239354685999231,3.6570446153846152,-0.17809443709966288,-5.282744886601698
1986-12-31,de,0.9022617599637961,-0.414739787344498,3.6870446153846155,16.44110776498127,-0.8756610668251508
1987-03-31,de,-2.424361160999311,0.6691119435823012,3.383714615384615,18.54672026718753,-15.057711712658817
1987-06-30,de,2.1245108613736186,0.301228923773067,2.8037146153846155,3.608718488891949,-2.4145886847411813
1987-09-30,de,0.7479466431292714,-0.03166561141094704,2.9903846153846154,3.043194264771243,-1.6427366211972938
1987-12-31,de,1.6260520871780315,0.03166561141094704,3.2137146153846152,-6.872004023139011,0.7073369185315759
1988-03-31,de,-0.8836581800498067,0.6626720368707595,2.9637146153846152,-11.707507102504344,3.6698406187295696
1988-06-30,de,1.7595761890379258,0.4706629334934931,2.9637146153846152,1.9275171840056782,-10.246128123592113
1988-09-30,de,1.1560822401076365,0.10950333515014066,3.7770446153846153,-13.070897981778185,0.8743764347861838
1988-12-31,de,1.1428695823623158,0.4368181672752769,4.033714615384615,-6.791975850944176,7.427890593926367
1989-03-31,de,0.9894073645197565,1.3759202919803926,5.117044615384615,25.62883956470405,-8.141143435659437
1989-06-30,de,0.42105325363444024,0.9170169717174659,6.040384615384616,7.539435653899362,-1.1337119626323222
1989-09-30,de,0.8368249670516192,0.045630847244026995,6.3037146153846155,-4.920045799114758,-1.7895031511542925
1989-12-31,de,1.2422519998557036,0.6366551745541571,6.930384615384615,7.232808441002625,12.016461585753158
1990-03-31,de,2.036730282443422,1.0820664640716515,7.563714615384615,3.5582639834254692,11.00943593161463
1990-06-30,de,0.5361943141385161,0.5218051347765318,8.063714615384615,-18.381263925178672,-15.600974966337322
1990-09-30,de,1.9855053309979276,0.4451045924259489,8.063714615384615,45.47361571149477,-2.669666086574507
1990-12-31,de,1.8182319083190457,0.9283202303548954,8.063714615384615,18.446814400012368,18.883436856580893
1991-03-31,de,2.164311087948878,0.9052478229540917,8.063714615384615,-44.48457468237068,-8.475091636607957
1991-06-30,de,-0.3785493479481872,0.96912597654919,8.063714615384615,-6.259352793615447,-6.28408592168741
1991-09-30,de,-0.5069719350251134,1.6135139794406506,8.063714615384615,5.719195119217746,-2.0501753815503676
1991-12-31,de,1.262643037281208,1.866327938006851,8.147044615384615,2.5609954586957695,11.815207392959692
1992-03-31,de,1.6179568876269812,1.29836078029264,8.313714615384615,-13.420641101462483,-23.832059336849287
1992-06-30,de,-0.6191970247921397,1.1325767513100438,8.313714615384615,11.711197765532244,9.87496819183229
1992-09-30,de,-0.37336695520489016,0.5412733106750167,8.513714615384615,1.6260520871782536,17.338943904475812
1992-12-31,de,-0.12476607981550814,0.309910643516087,7.3803846153846155,-5.193749223712807,8.619168918899955
1993-03-31,de,-0.8777485821223507,2.5765037438945093,6.797044615384615,-5.509293752988409,-9.444082655000763
1993-06-30,de,0.0,0.8616241294696181,6.363714615384615,0.40154494108044503,6.573295167664339
1993-09-30,de,0.7528266420790963,0.6994847172967056,5.7637146153846155,-10.453882292465977,0.4394274646794205
1993-12-31,de,-0.1250781901652509,0.07741935870573258,5.213714615384616,-6.833307160230451,-0.33166058849585234
1994-03-31,de,1.2437971292217576,1.2815759155914819,4.913714615384615,-9.084964080099711,3.4113109338532954
1994-06-30,de,0.37014231031857747,0.6852818696052587,4.7637146153846155,15.575452940923284,-14.770595966612854
1994-09-30,de,0.7361996441069607,0.5046055869252442,4.797044615384615,5.120743905373537,-6.9768003351042385
1994-12-31,de,1.2150817782512036,-0.050346130704692627,4.980384615384615,-3.168765718441602,-1.9226454665684845
1995-03-31,de,-0.36297680505787966,0.9273249409819329,4.897044615384615,4.297768107705657,-0.5693771664339486
1995-06-30,de,0.8449054486527885,0.32378608611169923,4.247044615384615,5.222840126745831,3.985696593137522
1995-09-30,de,0.3599284029647265,0.33513343599258505,4.080384615384616,-9.76337590375378,-1.838897044064458
1995-12-31,de,-0.11983224921090496,-0.12399257633202154,3.6470446153846154,2.724020448870368,19.320357887497952
1996-03-31,de,-0.9638628837768337,0.9016302666100984,3.2137146153846152,7.88694734585329,31.03428449167458
1996-06-30,de,1.4423326961104266,0.3314309791377035,3.230384615384615,5.9062537600234055,-24.818111997839544
1996-09-30,de,0.5948857519772588,0.24479816386406839,3.1003846153846153,6.717869944514199,-6.97365020570877
1996-12-31,de,0.59136777900477,0.036668093058889184,2.9137146153846154,11.140589293573155,26.590326709595267
1997-03-31,de,-0.59136777900477,1.142175235801357,2.9303846153846154,-10.033547278199828,-14.990624161376953
1997-06-30,de,1.4134510934905364,0.12074379636466404,3.0303846153846155,-13.239148408370971,-10.140098293928324
1997-09-30,de,0.3502630551201591,0.9965862634478739,3.0137146153846155,0.9459146474582791,8.230949428665024
1997-12-31,de,0.6968669316093745,-0.15543734820848698,3.5637146153846153,0.9381323031559585,7.103988668353756
1998-03-31,de,0.8069208048446797,0.2748403474692296,3.3370446153846154,-28.62402820121197,-16.943575601701433
1998-06-30,de,-0.3450262192152387,0.23837913552764434,3.4903846153846154,-5.395188008060137,-0.2073743581352705
1998-09-30,de,0.23014969882790837,0.23781224049681526,3.1570446153846152,-2.5691115377771467,-9.474799096998732
1998-12-31,de,0.0,-0.32118031535448566,2.9470446153846153,-9.229607886471225,-6.199143771191329
1999-03-31,de,0.801378072355341,0.047647410073548,2.5137146153846155,-0.5358414701275738,-5.821655116342894
1999-06-30,de,0.22779053129946547,0.5463196485936628,2.363714615384615,31.223903399162587,13.320263699557255
1999-09-30,de,1.0186845306992431,0.40189179389056306,2.6637146153846154,24.852068015745708,12.311451096504289
1999-12-31,de,1.2311291479450759,-0.04719764099414547,3.2370446153846153,13.924485085130689,3.956230055524701
2000-03-31,de,0.9961344129672867,0.6352962543584972,3.4637146153846152,11.660861686591861,13.206868354479662
2000-06-30,de,0.9863093655171795,0.11720582682572811,4.127044615384615,0.3199868314346155,23.145988011132744
2000-09-30,de,-0.10911075823347716,0.6538260302916932,4.5503846153846155,10.900032131204807,17.471497155468008
2000-12-31,de,0.0,0.3137166344515663,4.387044615384616,-0.6573737372990163,29.779658250071517
2001-03-31,de,1.6242912602936421,0.6129667026717023,3.930384615384616,-12.840661897236982,-1.3220712861189199
2001-06-30,de,0.10735374085246718,0.9181747047981581,3.760384615384616,2.5399676328532017,-27.988693023461497
2001-09-30,de,-0.3224075871752774,0.15981738561476888,3.4037146153846156,-5.6381156925890075,-35.067867401768325
2001-12-31,de,0.21505384632281022,-0.045636053273501176,2.797044615384616,-26.912154056593263,-10.86486735514125
2002-03-31,de,-0.3227544490866485,0.9540106427535555,3.147044615384616,8.008316190318787,-1.661418372941048
2002-06-30,de,0.21528533611014922,0.2258101896621234,3.0970446153846156,18.589679124252978,17.91735693124261
2002-09-30,de,0.42918520815407035,0.06764374553309693,2.5803846153846157,6.673188568673627,-1.5639834822183118
2002-12-31,de,-0.10712373814989462,-0.06764374553309693,2.3137146153846158,-1.0637387799840248,23.246071231247
2003-03-31,de,-1.2945164592037095,0.8981760167588781,1.8803846153846155,16.173931134846242,32.17251254581619
2003-06-30,de,0.0,-0.1118318166203558,1.6303846153846158,-16.69840639383886,-7.6964498516232105
2003-09-30,de,0.5414198390872649,0.3351209570655378,1.7470446153846158,6.817303104145189,-11.167181257808778
2003-12-31,de,0.323450416765958,0.03345041007936089,1.8970446153846159,3.413740197524451,2.9728005783304035
2004-03-31,de,0.0,0.6998862097002068,1.6637146153846158,8.958835879254234,7.229461396940184
2004-06-30,de,0.3224075871752774,0.771949135544503,1.8470446153846156,10.293660373848512,6.859726798713517
2004-09-30,de,-0.10735374085246718,0.2961665083725862,1.8970446153846159,12.944343728869967,-5.909950376224771
2004-12-31,de,0.0,0.21881846805529293,1.8637146153846156,5.191928850856664,13.956212139294433
2005-03-31,de,-0.1074691129764993,0.3273325344968825,1.8637146153846156,8.012055305133181,3.2123785508210823
2005-06-30,de,0.6430890330290318,0.4022400379128044,1.6470446153846157,9.367489354966008,7.359330416590559
2005-09-30,de,0.85106896679088,0.6811941786581954,1.7137146153846157,16.64170867923085,30.3108096111691
2005-12-31,de,0.3172927040576923,0.24753819883125416,2.147044615384616,-5.88638693726482,18.194822493191243
2006-03-31,de,0.9458819865323598,0.36480727153671566,2.4803846153846156,7.620260691704939,-32.819690467118704
2006-06-30,de,1.5568555239923398,0.5340751853066372,2.6998307692307693,11.27164433473844,-9.954091302179169
2006-09-30,de,1.0245991274038246,0.31908131730711276,3.0597230769230777,0.7033952467447868,-2.8200924074151423
2006-12-31,de,1.3164747091210849,0.06369426966932323,3.3808307692307693,-15.331451402879992,7.215690278970399
2007-03-31,de,0.40160696548898756,0.8454029004558272,3.6563230769230777,-3.079216087196812,3.4174981938241977
2007-06-30,de,0.6989544181712048,0.8070053753590933,3.9664615384615374,14.467198378714485,0.8040485136648456
2007-09-30,de,0.8915363657952646,0.5205633827265466,4.035799999999999,10.555634032393346,-11.208898343194917
2007-12-31,de,0.2954211897431058,0.8581968610159585,3.9355000000000007,17.56334885903099,12.689155970324872
2008-03-31,de,0.7835495523949021,0.7180991055098396,3.8965238095238104,8.42231870236434,18.58818761257064
2008-06-30,de,-0.19531256208820125,0.7535677208009517,4.05633846153846,23.844680310142063,22.29855801855951
2008-09-30,de,-0.3917732728901946,0.7076454924282771,4.258000000000003,-4.469477094353014,-8.384818757166812
2008-12-31,de,-1.9822254574171083,-0.5758464162194166,2.286687500000001,-72.54751301473217,-14.689428898609425
2009-03-31,de,-4.609110720026699,-0.07094714735336183,1.0873166666666665,-23.85841593919258,-30.594333794729334
2009-06-30,de,0.10476690324434657,0.20257274221897603,0.7149838709677417,29.40246284896677,-29.55943033382482
2009-09-30,de,0.6263068489562151,0.2021632145119412,0.369936170212766,14.18337143507582,-14.988815284443024
2009-12-31,de,0.9321662527136176,0.07066068027308248,0.36467241379310344,10.154556489983513,22.905263468522374
2010-03-31,de,0.7190580545354486,0.3324437656039514,0.2803,2.0394389303510785,14.586896026915852
2010-06-30,de,2.0264117919055025,0.5016061881716105,0.21877777777777774,1.4362853620275118,-15.42908671945371
2010-09-30,de,0.7992050531338002,0.1999400846013799,0.286523076923077,-3.4725518570446923,3.3337932199964726
2010-12-31,de,0.7928683755507038,0.33898337545110735,0.4979393939393939,12.334849323739405,-4.86351217346952
2011-03-31,de,1.7612979768276915,0.822723578041451,0.56340625,15.508918483291012,9.784047894209635
2011-06-30,de,0.19379851026783967,0.6199891925684042,0.8956984126984127,9.828934543596812,6.996082158519723
2011-09-30,de,0.48285946061952245,0.391658191834221,0.6059696969696968,-6.550798868646979,1.397803264964459
2011-12-31,de,0.0,0.3609231835849158,0.1146153846153845,0.08432369440249943,-6.36764222806816
2012-03-31,de,0.38461585874784987,0.7469598682346756,0.06201538461538461,8.680109087110122,-10.214727639712606
2012-06-30,de,0.0959232687460343,0.3473230698502583,0.041593749999999985,-9.004871959182292,-1.729916490376926
2012-09-30,de,0.19157093981387874,0.5474729133176481,-0.029769230769230777,-0.054175032864822725,5.9199644342464275
2012-12-31,de,-0.4796172263493048,0.35377959163351846,-0.003209677419354839,-0.826193733646452,7.389081290097632
2013-03-31,de,-0.1924928409584581,0.2859323335809627,0.016370967741935485,3.05455404874726,2.1281578389934275
2013-06-30,de,0.8633147144703202,0.3135841406578521,0.014952380952380957,-5.643466685650633,7.80028491389313
2013-09-30,de,0.4764182427118513,0.6619409512675034,0.02554545454545452,7.812600068947351,-9.023792509919737
2013-12-31,de,0.37950709685512507,0.06595374055446968,0.05380645161290323,-2.717763338884094,3.207494534878119
2014-03-31,de,0.5665737535677451,0.15058826375131673,0.1079672131147541,-0.8236872194590461,13.270718536805681
2014-06-30,de,-0.09420631879013541,0.18791699601115042,0.039033898305084753,2.536979561338626,-10.092801308415567
2014-09-30,de,0.28235312876070395,0.44021988387994426,-0.024967213114754094,-5.751380587245247,-12.38448623746402
2014-12-31,de,0.8423072729108583,-0.2807676154198191,-0.1308688524590164,-29.688246503311078,-0.46855605957398794
2015-03-31,de,0.09315324381118373,-0.3097576044133632,-0.20226229508196722,-36.900995491868386,-17.872850023726716
2015-06-30,de,0.5571045049455492,0.6185586732709858,-0.29231147540983604,15.882705061233438,-13.531584641253414
2015-09-30,de,0.2773926882724709,0.09338812781827244,-0.296469696969697,-21.47379679902439,-2.6725632634033047
2015-12-31,de,0.27662534928900584,-0.09338812781827244,-0.3463387096774195,-14.435292183290827,-16.300594566312387
2016-03-31,de,0.7339482488045945,-0.3744270966195451,-0.48446451612903235,-25.48778158346923,-16.131725611915115
2016-06-30,de,0.4559971421695508,0.46781522443781753,-0.5607338461538461,31.412507498176325,-5.384465762455681
2016-09-30,de,0.18181823190577262,0.4656369001740046,-0.7418787878787876,-0.24588649457850664,19.30683848250596
2016-12-31,de,0.4531045359600583,0.5559173030848186,-0.8134375,9.344789970468748,7.4465476917245255
1960-06-30,es,0.6130206366179891,0.0,4.670999999999998,0.0,0.0
1960-09-30,es,1.7584523321247048,0.0,4.670999999999998,0.0,0.0
1960-12-31,es,2.9411446234247407,1.0471299867295336,4.670999999999998,0.0,0.0
1961-03-31,es,4.022084736506937,0.3466207976486224,4.670999999999998,-3.7504465667605125,3.2955847613321376
1961-06-30,es,3.3721224826432916,-0.6944472352810926,4.670999999999998,0.0,0.0
1961-09-30,es,2.7812128470475095,-0.3490404939768599,4.670999999999998,0.0,0.0
1961-12-31,es,2.409669706764017,1.7331456351640018,4.670999999999998,0.0,0.0
1962-03-31,es,2.062728155493687,1.0256500167189042,4.670999999999998,-3.2365284502031577,3.190432152557654
1962-06-30,es,2.206981153458276,3.0153038170687374,4.670999999999998,0.0,0.0
1962-09-30,es,2.340960163757444,0.9852296443011666,4.670999999999998,0.0,0.0
1962-12-31,es,2.494152058280097,3.215711163453139,4.670999999999998,0.0,0.0
1963-03-31,es,2.6348150328265874,3.1155167779795434,4.670999999999998,-1.3245226750020767,-1.6638351295601428
1963-06-30,es,2.169065776166512,1.2195273093818404,4.670999999999998,0.0,0.0
1963-09-30,es,1.7317305989220877,0.6042314455962483,4.670999999999998,0.0,0.0
1963-12-31,es,1.3092779319053172,1.4947961435873403,4.670999999999998,0.0,0.0
1964-03-31,es,0.9029089667956569,0.5917177028088583,4.670999999999998,-3.390155167568137,-4.178984876552505
1964-06-30,es,1.1155032883454652,1.173033978548954,4.670999999999998,0.0,0.0
1964-09-30,es,1.3209718084898014,4.55919413223389,4.670999999999998,0.0,0.0
1964-12-31,es,1.4160284538636603,4.626675490161558,4.670999999999998,0.0,0.0
1965-03-31,es,1.5068556611150363,3.911841659547144,4.670999999999998,-2.090668481931368,6.576729277830506
1965-06-30,es,1.6162507349483768,2.025385690449766,4.670999999999998,0.0,0.0
1965-09-30,es,1.720059072536273,0.5000010416705614,4.670999999999998,0.0,0.0
1965-12-31,es,1.9061284212144258,2.9486165654463603,4.670999999999998,0.0,0.0
1966-03-31,es,2.08119330669847,0.9638628837768781,4.670999999999998,-4.31721718652086,1.7135059114040452
1966-06-30,es,1.7169688213917844,1.9002947125615233,4.670999999999998,0.0,0.0
1966-09-30,es,1.3705668565984652,0.7034026657380066,4.670999999999998,0.0,0.0
1966-12-31,es,1.0190768116467908,1.622283550688719,4.670999999999998,0.0,0.0
1967-03-31,es,0.6780835003576513,1.8223738956451685,4.670999999999998,-2.230575751429825,3.7343041580297776
1967-06-30,es,0.9652148363644919,1.7897569457542728,4.670999999999998,0.0,0.0
1967-09-30,es,1.2440741267456978,0.6629858538669486,4.670999999999998,0.0,0.0
1967-12-31,es,1.394375189628061,2.6088436084298117,5.170999999999998,0.0,0.0
1968-03-31,es,1.5382579752112768,1.279335145990923,5.170999999999998,-0.7547205635382914,-0.5615232117318181
1968-06-30,es,1.7780904182425061,1.2631746905900743,5.170999999999998,0.0,0.0
1968-09-30,es,2.004932782813018,-0.6295928456814703,5.170999999999998,0.0,0.0
1968-12-31,es,2.351920500855531,0.8385793376273876,5.170999999999998,0.0,0.0
1969-03-31,es,2.674055615208193,0.20855064910214605,5.170999999999998,-3.8614836127779633,2.9272942140502245
1969-06-30,es,2.112700514656307,1.0362787035546495,5.170999999999998,0.0,0.0
1969-09-30,es,1.5849930951137736,0.2059732963010763,5.570999999999998,0.0,0.0
1969-12-31,es,1.1229238458303037,1.6326893287428756,5.570999999999998,0.0,0.0
1970-03-31,es,1.4394435193499255,1.4070583896942157,6.570999999999998,-4.839654086185022,-0.5207199524420725
1970-06-30,es,0.15873796875895962,0.5970166986503767,6.570999999999998,0.0,0.0
1970-09-30,es,0.5097816639805686,3.1252543504104446,6.570999999999998,0.0,0.0
1970-12-31,es,0.7859310998004077,2.0933209666465835,6.570999999999998,0.0,0.0
1971-03-31,es,0.7778843907536803,1.6807118316381375,6.320999999999998,30.40758822274573,8.746516665597781
1971-06-30,es,1.9318124237114098,2.1978906718775004,6.070999999999998,0.0,0.0
1971-09-30,es,1.8231807664477628,1.0810916104215806,6.070999999999998,5.918887139033063,0.0
1971-12-31,es,1.9935551763222037,3.174869831458027,5.070999999999998,0.0,0.0
1972-03-31,es,1.6094902947863865,1.7212128881121336,5.070999999999998,1.7094433359300276,6.5834562113879835
1972-06-30,es,2.3353532189198667,1.0186845306993098,5.070999999999998,0.0,0.0
1972-09-30,es,2.1731001844851328,2.831163282589122,5.070999999999998,5.495888428075746,0.0
1972-12-31,es,1.9616574787079344,2.272825107755616,5.070999999999998,0.0,0.0
1973-03-31,es,1.8239197462338375,1.750243564977283,5.070999999999998,10.642946284673126,17.98277643856252
1973-06-30,es,1.7670803052206807,3.411183450686295,5.070999999999998,12.204743444284095,0.0
1973-09-30,es,1.638162617350769,4.325804931813626,6.070999999999998,13.883644485421609,0.0
1973-12-31,es,1.6320347145503789,3.5846131773136003,6.070999999999998,41.773520069997836,0.0
1974-03-31,es,1.6840647588021618,2.3661507498158096,6.070999999999998,115.39623837512747,69.75763797226983
1974-06-30,es,1.2556738136932033,4.702007815312692,6.070999999999998,-20.409550029436517,0.0
1974-09-30,es,0.7032080646960814,3.4819765159228133,7.070999999999998,-5.826876417312565,0.0
1974-12-31,es,0.06614253957897276,4.945383428942041,7.070999999999998,2.9558728169745585,0.0
1975-03-31,es,-0.5031798257128628,4.019453594813349,7.070999999999998,1.158322248330057,11.809194888679642
1975-06-30,es,-0.0831022885845023,3.4171889793070953,7.070999999999998,0.0,0.0
1975-09-30,es,0.43589483879244995,3.736698468935584,7.070999999999998,0.09592546250134504,0.0
1975-12-31,es,0.700378546275271,2.4508419028731687,7.070999999999998,0.2872164011611833,0.0
1976-03-31,es,0.9889365222673696,4.023234702812539,7.070999999999998,9.56577803355474,11.34389186106608
1976-06-30,es,1.147628350245622,6.744128079553269,7.070999999999998,0.0,1.6270121163736828
1976-09-30,es,0.9652345698507148,2.7960814997643357,7.070999999999998,0.7788888378372771,2.6542084451479653
1976-12-31,es,0.7649600699592973,4.493118727038814,7.070999999999998,2.553323706356858,2.8404965059530163
1977-03-31,es,0.7891140904576766,6.2999551942983345,7.070999999999998,4.9190276247049525,17.905390509673857
1977-06-30,es,0.45260538408307127,5.380663494958293,7.070999999999998,-0.40080367176114073,4.779623297258828
1977-09-30,es,0.33174579591674913,7.9621617042596515,19.660999999999998,1.4354337832792385,2.405884704163297
1977-12-31,es,0.6658321372466247,4.310098409727114,8.101999999999999,0.3951027653135153,0.5925345435817242
1978-03-31,es,0.6223126871621076,3.4661981700918165,3.416999999999998,-0.1578568413298509,14.186824520376895
1978-06-30,es,0.20239672466209058,4.250394598000273,25.24,0.34170125456531864,1.0200656170163747
1978-09-30,es,-0.12278500217099975,4.567575293172288,21.570999999999998,0.6538560049348163,0.3377226056390459
1978-12-31,es,-0.1481005677767655,2.7746050077261497,9.09,5.552051933873203,1.5057941401491526
1979-03-31,es,-0.15952314368989917,3.564502400383285,15.7,39.55517616523001,23.484821024997117
1979-06-30,es,0.15532842484038412,3.552671335453317,15.7,40.836665981579316,3.3568183704798304
1979-09-30,es,0.24021351438765493,4.1774449378343625,15.7,12.827478149642646,3.124802435425922
1979-12-31,es,0.35090198228449054,3.189812923211477,15.7,13.383474466689105,2.431388773994936
1980-03-31,es,0.6674058504665403,4.527936425090662,15.7,-3.8965968533383855,19.90194792605444
1980-06-30,es,0.3393266707305109,2.5735821932371117,15.7,-2.3451661035049476,3.76687849497368
1980-09-30,es,-0.3973114381756737,3.809536597564156,15.7,-8.95415434856659,3.0801461791537754
1980-12-31,es,0.5783402029657658,3.044997809278671,15.7,14.898234430225132,2.1819792784107506
1981-03-31,es,-0.5677950168335499,4.250365940661105,15.8,-1.8266345907198556,6.37717456143756
1981-06-30,es,-0.11077995488424364,2.7920595398627235,15.8,-10.905416542706492,3.237645915515941
1981-09-30,es,0.44369909202899294,3.242639937010283,15.8,-1.8404662590210563,2.2614724673104103
1981-12-31,es,-0.09989091691906538,3.140786883331792,15.8,4.074316987395754,2.4455259876323687
1982-03-31,es,0.4107536466790407,4.177652902247475,15.7,-8.085509640933708,2.2149716727851487
1982-06-30,es,0.3790705557449314,3.467702669296724,15.7,-0.11631943874945705,3.1512294891046455
1982-09-30,es,0.6709514677070594,2.894609811972426,15.7,1.4510995456491038,1.902139048496032
1982-12-31,es,0.3518761716058805,2.2637219471715486,15.7,-0.7110234293925544,2.0087862336149342
1983-03-31,es,0.36479689837838336,3.7842353183159982,19.8,-10.766619127581167,-3.5750098225718396
1983-06-30,es,0.6157102020231342,2.423964076394425,19.8,1.0539889545880143,-1.8574373752939355
1983-09-30,es,0.1469526757460926,2.01832896532701,19.8,2.408417210007885,0.8958766367043847
1983-12-31,es,0.6440385263680071,3.521161398534911,19.8,-4.020229187818991,0.14853556777651988
1984-03-31,es,0.8237986598136793,3.4309714946654246,14.5167,0.20907286447546802,-0.9856912627886238
1984-06-30,es,-0.3087608550006671,1.7014197465730518,13.98,0.3449658485628504,-0.3002413892147615
1984-09-30,es,0.8671446283222473,2.7257461416350104,12.6,-4.141346281750735,-0.1504594159820627
1984-12-31,es,0.1275510377010569,1.5168830173137415,12.6267,-2.6296271856756537,-1.3644199857016925
1985-03-31,es,1.1098037862405263,3.1557015601160643,11.6367,-0.2838610023884858,0.22507342128195162
1985-06-30,es,-0.09397334816236835,1.8467004124913977,11.7,-1.555177650083639,-1.689469700524926
1985-09-30,es,1.0313302907569266,1.002646922024697,10.8233,-0.5376357036380952,-2.748040966692722
1985-12-31,es,1.1419234661832256,1.9498862932611605,9.45667,3.1029229523722,-3.1537776315115007
1986-03-31,es,0.28164435958553113,3.764496546215268,9.19333,-44.283828278105865,-4.18705722043029
1986-06-30,es,2.353639240269345,1.109615626103233,9.36667,-35.15461557980522,-7.007645118224914
1986-09-30,es,-0.7075361690170645,2.2309363658446824,7.74667,-0.17809443709966288,-5.282744886601698
1986-12-31,es,0.6367714352059295,1.1445046245872614,8.23,16.44110776498127,-0.8756610668251508
1987-03-31,es,2.0274910284338254,1.4591927537122462,7.55,18.54672026718753,-15.057711712658817
1987-06-30,es,1.4849769670433055,0.6752849039995734,9.87,3.608718488891949,-2.4145886847411813
1987-09-30,es,2.0441663592277948,1.2683209337123191,14.96,3.043194264771243,-1.6427366211972938
1987-12-31,es,2.0250919902887965,1.1392239863720288,13.13,-6.872004023139011,0.7073369185315759
1988-03-31,es,0.321027563024856,1.2159573372409582,11.3,-11.707507102504344,3.6698406187295696
1988-06-30,es,1.2157611632687804,0.3574624002959492,9.94,1.9275171840056782,-10.246128123592113
1988-09-30,es,1.786848271047159,2.5105921131076236,10.17,-13.070897981778185,0.8743764347861838
1988-12-31,es,-0.22453355193610136,1.253528408814697,11.7333,-6.791975850944176,7.427890593926367
1989-03-31,es,2.330756078147367,1.9145447584434816,13.2267,25.62883956470405,-8.141143435659437
1989-06-30,es,0.9792782178918102,1.006297799862077,14.2167,7.539435653899362,-1.1337119626323222
1989-09-30,es,1.330785186530381,2.5130055691595654,13.8233,-4.920045799114758,-1.7895031511542925
1989-12-31,es,-0.1661432861157941,1.4138793397577842,12.9933,7.232808441002625,12.016461585753158
1990-03-31,es,0.8722041967718752,1.8283498181120628,13.42,3.5582639834254692,11.00943593161463
1990-06-30,es,1.6853519630635638,0.7846254455110557,14.38,-18.381263925178672,-15.600974966337322
1990-09-30,es,-0.29891541775395325,2.183872665087705,14.4567,45.47361571149477,-2.669666086574507
1990-12-31,es,3.7119308378001037,1.743458980214596,14.42,18.446814400012368,18.883436856580893
1991-03-31,es,-1.9404601529261711,1.2879319419385915,13.9233,-44.48457468237068,-8.475091636607957
1991-06-30,es,1.2119013875240725,0.6838581313307834,11.9933,-6.259352793615447,-6.28408592168741
1991-09-30,es,0.7524345731146909,2.042003496189837,12.03,5.719195119217746,-2.0501753815503676
1991-12-31,es,0.4962789342130236,1.397872224484864,11.86,2.5609954586957695,11.815207392959692
1992-03-31,es,0.9927563641600301,2.235024842703659,11.78,-13.420641101462483,-23.832059336849287
1992-06-30,es,-1.312531271669748,0.5207441033427074,11.8733,11.711197765532244,9.87496819183229
1992-09-30,es,0.06384631361484594,1.2730259653240594,12.58,1.6260520871782536,17.338943904475812
1992-12-31,es,-0.6537282793377841,1.0542522402135823,13.5133,-5.193749223712807,8.619168918899955
1993-03-31,es,-0.9373638634762926,1.2940269636424695,12.76,-5.509293752988409,-9.444082655000763
1993-06-30,es,-0.006775559591165603,0.9472443074940884,11.4533,0.40154494108044503,6.573295167664339
1993-09-30,es,1.1960058085300318,1.2001788123137125,9.59667,-10.453882292465977,0.4394274646794205
1993-12-31,es,0.3761376858245846,1.2182397070607642,8.31667,-6.833307160230451,-0.33166058849585234
1994-03-31,es,0.8236903658796813,1.5061973575893894,7.70667,-9.084964080099711,3.4113109338532954
1994-06-30,es,0.2190126430050121,0.7920206141823982,7.71,15.575452940923284,-14.770595966612854
1994-09-30,es,0.7908595044765043,1.0671789918236918,8.23,5.120743905373537,-6.9768003351042385
1994-12-31,es,0.37352501220455636,0.9013270031828391,8.78333,-3.168765718441602,-1.9226454665684845
1995-03-31,es,1.0600815299194544,1.900149109659921,9.85,4.297768107705657,-0.5693771664339486
1995-06-30,es,0.6886697320041435,1.1320021265006197,10.1767,5.222840126745831,3.985696593137522
1995-09-30,es,0.47634152364430804,0.4193506220279808,9.85667,-9.76337590375378,-1.838897044064458
1995-12-31,es,0.700244951412099,0.8186396838778975,9.28333,2.724020448870368,19.320357887497952
1996-03-31,es,0.6438470564386733,1.2082068292735393,8.36667,7.88694734585329,31.03428449167458
1996-06-30,es,0.6336705189697867,1.1069148848933175,7.27667,5.9062537600234055,-24.818111997839544
1996-09-30,es,0.9689499101610544,0.4480099985667785,7.05,6.717869944514199,-6.97365020570877
1996-12-31,es,0.39898266216775724,0.5034171005637411,6.24,11.140589293573155,26.590326709595267
1997-03-31,es,1.1026315830402034,0.4580597760041272,5.33333,-10.033547278199828,-14.990624161376953
1997-06-30,es,0.9682988335935505,0.1427144526513935,5.14,-13.239148408370971,-10.140098293928324
1997-09-30,es,0.976402720550329,0.6963717475222175,4.96333,0.9459146474582791,8.230949428665024
1997-12-31,es,1.4365702996844476,0.6493529310548141,4.66,0.9381323031559585,7.103988668353756
1998-03-31,es,0.9558073391041866,0.3371263201408681,4.11333,-28.62402820121197,-16.943575601701433
1998-06-30,es,0.816209766166498,0.30803720800802736,4.03667,-5.395188008060137,-0.2073743581352705
1998-09-30,es,1.1607744278973264,0.6688056140482956,3.83333,-2.5691115377771467,-9.474799096998732
1998-12-31,es,1.0441823654085525,0.1803677214617494,3.19333,-9.229607886471225,-6.199143771191329
1999-03-31,es,0.8093466533732219,0.7044714540898944,2.86667,-0.5358414701275738,-5.821655116342894
1999-06-30,es,1.4910686015775276,0.6858737449841001,2.63,31.223903399162587,13.320263699557255
1999-09-30,es,1.1928628708030686,0.7897644535425741,3.02333,24.852068015745708,12.311451096504289
1999-12-31,es,1.167367589002577,0.4870798427006662,3.52,13.924485085130689,3.956230055524701
2000-03-31,es,1.580150713143258,0.9136164583258832,3.95667,11.660861686591861,13.206868354479662
2000-06-30,es,1.2276726631966106,0.9318491284952657,4.57333,0.3199868314346155,23.145988011132744
2000-09-30,es,1.0694352785245442,1.2378351362698048,5.02333,10.900032131204807,17.471497155468008
2000-12-31,es,1.1039108656849983,0.8470761538536209,4.90333,-0.6573737372990163,29.779658250071517
2001-03-31,es,0.9918241822486351,0.6983087991161874,4.32,-12.840661897236982,-1.3220712861189199
2001-06-30,es,0.7885742888459113,1.280427224598757,4.28333,2.5399676328532017,-27.988693023461497
2001-09-30,es,0.9982161224273867,0.7478328787160038,3.91,-5.6381156925890075,-35.067867401768325
2001-12-31,es,0.6985170696736986,0.03787639714500912,3.15333,-26.912154056593263,-10.86486735514125
2002-03-31,es,0.5709935845313652,0.41569625900246265,3.47667,8.008316190318787,-1.661418372941048
2002-06-30,es,0.7476475797526305,2.1637252974685772,3.73667,18.589679124252978,17.91735693124261
2002-09-30,es,0.6034818565818334,-0.25866861746823844,3.29,6.673188568673627,-1.5639834822183118
2002-12-31,es,0.7478813610331869,1.5420694757960263,2.85333,-1.0637387799840248,23.246071231247
2003-03-31,es,0.9840511708980593,0.23048472628337535,2.35333,16.173931134846242,32.17251254581619
2003-06-30,es,0.6730576219630358,1.3001266557373548,2.10333,-16.69840639383886,-7.6964498516232105
2003-09-30,es,0.6843818624314046,-0.20353194694493482,2.10333,6.817303104145189,-11.167181257808778
2003-12-31,es,1.0252888622781064,1.2978690248319324,2.29667,3.413740197524451,2.9728005783304035
2004-03-31,es,0.6011527494040436,-0.22502526224226216,2.09333,8.958835879254234,7.229461396940184
2004-06-30,es,0.7794271726818458,2.285746820180279,2.17333,10.293660373848512,6.859726798713517
2004-09-30,es,0.9950008880169392,-0.10435388505687371,2.19,12.944343728869967,-5.909950376224771
2004-12-31,es,0.6186852453306635,1.4168295523151464,2.20667,5.191928850856664,13.956212139294433
2005-03-31,es,1.0041016182858797,-0.38964064881508165,2.20667,8.012055305133181,3.2123785508210823
2005-06-30,es,1.0141131745685428,2.2480510739129933,2.05667,9.367489354966008,7.359330416590559
2005-09-30,es,0.9476451166298361,0.10099310738898026,2.06,16.64170867923085,30.3108096111691
2005-12-31,es,1.0344853239435459,1.5359233490144675,2.45,-5.88638693726482,18.194822493191243
2006-03-31,es,1.0805544167205916,0.05520896733832714,2.76667,7.620260691704939,-32.819690467118704
2006-06-30,es,1.0362747842878939,2.172930392192818,3.19667,11.27164433473844,-9.954091302179169
2006-09-30,es,0.9854177689336829,-0.29206576010638585,3.4,0.7033952467447868,-2.8200924074151423
2006-12-31,es,0.942960697804196,0.6263519397369244,3.67,-15.331451402879992,7.215690278970399
2007-03-31,es,1.0189426255271528,-0.11848980758317751,3.86,-3.079216087196812,3.4174981938241977
2007-06-30,es,0.8081065219763595,2.1432819141351978,4.20667,14.467198378714485,0.8040485136648456
2007-09-30,es,0.8048638193568713,-0.3169909670415194,4.19,10.555634032393346,-11.208898343194917
2007-12-31,es,0.8601133618759249,2.167056799474132,4.02333,17.56334885903099,12.689155970324872
2008-03-31,es,0.4530236535059018,0.29988130637290666,3.69333,8.42231870236434,18.58818761257064
2008-06-30,es,0.05426773278101038,2.3470465112800376,4.23667,23.844680310142063,22.29855801855951
2008-09-30,es,-0.7552954386433441,-0.02017349209992858,4.36333,-4.469477094353014,-8.384818757166812
2008-12-31,es,-1.0169798287129161,-0.20195907096747234,2.55667,-72.54751301473217,-14.689428898609425
2009-03-31,es,-1.6103970063238826,-1.66135401431724,1.31333,-23.85841593919258,-30.594333794729334
2009-06-30,es,-0.9734275377966561,1.2054492684239193,1.00667,29.40246284896677,-29.55943033382482
2009-09-30,es,-0.31012032733857,-0.41719724719690987,0.8,14.18337143507582,-14.988815284443024
2009-12-31,es,-0.06318058707961427,1.0145161580709328,0.863333,10.154556489983513,22.905263468522374
2010-03-31,es,0.2991969208976819,-0.7192453636946539,0.793333,2.0394389303510785,14.586896026915852
2010-06-30,es,0.18811685082447127,1.7035843681750151,1.64333,1.4362853620275118,-15.42908671945371
2010-09-30,es,0.04105720509901545,-0.06998950443177776,1.87333,-3.4725518570446923,3.3337932199964726
2010-12-31,es,0.001109420272449313,1.6073369158957185,2.46333,12.334849323739405,-4.86351217346952
2011-03-31,es,-0.40278781766955873,0.18683323198667168,2.37667,15.508918483291012,9.784047894209635
2011-06-30,es,-0.4849744035555936,1.7046144009507103,2.58333,9.828934543596812,6.996082158519723
2011-09-30,es,-0.353579138688076,-0.474370413728753,3.29,-6.550798868646979,1.397803264964459
2011-12-31,es,-0.5251957149995157,1.3015368112070824,3.89,0.08432369440249943,-6.36764222806816
2012-03-31,es,-0.9625441412166147,-0.5956401508944609,1.7,8.680109087110122,-10.214727639712606
2012-06-30,es,-0.9465750428812036,1.719568545587613,3.29,-9.004871959182292,-1.729916490376926
2012-09-30,es,-0.7327648039711754,0.2931860046892609,3.25667,-0.054175032864822725,5.9199644342464275
2012-12-31,es,-0.9857079522969769,1.6298599833843852,2.40667,-0.826193733646452,7.389081290097632
2013-03-31,es,-0.35463040495322673,-1.055443412672652,1.42,3.05455404874726,2.1281578389934275
2013-06-30,es,-0.06856869970501833,0.8415196925284363,1.16,-5.643466685650633,7.80028491389313
2013-09-30,es,-0.07646054714385286,-0.21438233498587422,1.27333,7.812600068947351,-9.023792509919737
2013-12-31,es,0.2831992021918417,0.5490173377203256,0.823333,-2.717763338884094,3.207494534878119
2014-03-31,es,0.4305060501193836,-1.1573771156377255,0.636667,-0.8236872194590461,13.270718536805681
2014-06-30,es,0.40151096487202054,1.0459564912973285,0.395667,2.536979561338626,-10.092801308415567
2014-09-30,es,0.5886556084438332,-0.7647150947081016,0.193333,-5.751380587245247,-12.38448623746402
2014-12-31,es,0.7376789753672064,0.3737623487767294,0.32,-29.688246503311078,-0.46855605957398794
2015-03-31,es,0.9505394740521034,-1.6835572810532717,0.133333,-36.900995491868386,-17.872850023726716
2015-06-30,es,0.7742987879859164,1.814044763451328,0.06,15.882705061233438,-13.531584641253414
2015-09-30,es,0.9276507844421467,-0.9170083909200599,0.0533333,-21.47379679902439,-2.6725632634033047
2015-12-31,es,0.8359831153936348,0.46891204741639214,-0.03,-14.435292183290827,-16.300594566312387
2016-03-31,es,0.7656071909698525,-2.0225620936993316,-0.05,-25.48778158346923,-16.131725611915115
2016-06-30,es,0.8285765864795458,1.5254452794904338,-0.12,31.412507498176325,-5.384465762455681
2016-09-30,es,0.6870810969799024,-0.15997744907210176,-0.216667,-0.24588649457850664,19.30683848250596
2016-12-31,es,0.6831102377151232,1.6254444743974972,-0.243333,9.344789970468748,7.4465476917245255
1960-06-30,fr,2.4739108950593725,0.09647854100989228,4.31,0.0,0.0
1960-09-30,fr,1.6722281225791669,0.8641436395341096,4.35,0.0,0.0
1960-12-31,fr,1.0550420815373052,0.8567401285298537,3.9299999999999993,0.0,0.0
1961-03-31,fr,1.3785255988055134,0.3784299691239834,3.7599999999999993,-3.7504465667605125,3.2955847613321376
1961-06-30,fr,0.6351119594736332,-0.3784299691239834,3.8999999999999995,0.0,0.0
1961-09-30,fr,0.9409647939759402,1.131020539158678,3.6899999999999995,0.0,0.0
1961-12-31,fr,1.7401744218617843,2.4075236874784967,3.6799999999999993,0.0,0.0
1962-03-31,fr,2.043666185408277,1.5433806129841354,3.6799999999999993,-3.2365284502031577,3.190432152557654
1962-06-30,fr,1.5048026189814045,0.9861128765780158,3.9399999999999995,0.0,0.0
1962-09-30,fr,1.9152453824610838,0.7996488634226306,3.6399999999999992,0.0,0.0
1962-12-31,fr,1.066016926776303,0.968743815568951,3.619999999999999,0.0,0.0
1963-03-31,fr,-0.5572688140716764,1.7376631835815726,3.5299999999999994,-1.3245226750020767,-1.6638351295601428
1963-06-30,fr,4.0489446470536095,1.0282866955583891,4.31,0.0,0.0
1963-09-30,fr,3.1582850027074727,1.4388737452099676,4.27,0.0,0.0
1963-12-31,fr,0.03765060285436661,1.0033528989577878,4.26,0.0,0.0
1964-03-31,fr,2.1123535885115174,0.6633523495633842,4.67667,-3.390155167568137,-4.178984876552505
1964-06-30,fr,1.1430870494912426,0.33003330286569543,5.50667,0.0,0.0
1964-09-30,fr,0.9186246963047928,0.7386164067728629,4.856669999999999,0.0,0.0
1964-12-31,fr,1.4051042989361662,0.6519990497281025,4.33667,0.0,0.0
1965-03-31,fr,0.590459507994634,0.6477755444688871,4.31,-2.090668481931368,6.576729277830506
1965-06-30,fr,1.6825040644414813,1.1236073266926105,4.329999999999999,0.0,0.0
1965-09-30,fr,1.4365409194255108,0.23913921320755094,4.1533299999999995,0.0,0.0
1965-12-31,fr,1.4844674843089933,0.47656960730146913,4.47333,0.0,0.0
1966-03-31,fr,0.9251777234979386,0.7892700798908692,4.379999999999999,-4.31721718652086,1.7135059114040452
1966-06-30,fr,1.5064886291664692,0.7830893580548004,4.77,0.0,0.0
1966-09-30,fr,1.2438339835364687,0.5445365458572216,4.826669999999999,0.0,0.0
1966-12-31,fr,0.7166744162364402,0.618718137725649,5.569999999999999,0.0,0.0
1967-03-31,fr,1.6037762333487748,0.8445347700699823,5.319999999999999,-2.230575751429825,3.7343041580297776
1967-06-30,fr,1.1140107781047348,0.3815342285652612,4.93,0.0,0.0
1967-09-30,fr,1.2166288251238555,0.6831146108835284,4.633329999999999,0.0,0.0
1967-12-31,fr,1.0003028951399706,1.352387253332532,4.739999999999999,0.0,0.0
1968-03-31,fr,2.4627479704459,1.407952120618683,5.06333,-0.7547205635382914,-0.5615232117318181
1968-06-30,fr,-5.160894759616497,0.6600684031351722,5.616669999999999,0.0,0.0
1968-09-30,fr,7.448200116509618,1.2350320438943463,6.326669999999999,0.0,0.0
1968-12-31,fr,1.2824860212005795,1.9306999431748295,8.01333,0.0,0.0
1969-03-31,fr,0.9867926370914049,1.7550468025837596,8.153329999999999,-3.8614836127779633,2.9272942140502245
1969-06-30,fr,2.061703429541506,1.2448293526567955,8.973329999999999,0.0,0.0
1969-09-30,fr,1.3522936398403296,1.1616119683228732,9.26,0.0,0.0
1969-12-31,fr,1.4978162624225355,1.4835066403941166,9.893329999999999,0.0,0.0
1970-03-31,fr,1.5362775160458142,1.4618200509554313,9.92,-4.839654086185022,-0.5207199524420725
1970-06-30,fr,1.6352914301095645,1.2455093818980245,9.18667,0.0,0.0
1970-09-30,fr,1.0180911520567548,0.9724549891994894,8.67333,0.0,0.0
1970-12-31,fr,1.3126859364374077,1.1545990997060773,7.92,0.0,0.0
1971-03-31,fr,1.5834616098547194,1.393309430392442,6.37667,30.40758822274573,8.746516665597781
1971-06-30,fr,1.0465639339980015,1.5600940442479505,6.49,0.0,0.0
1971-09-30,fr,1.3593213117055747,1.3530341714377947,6.37,5.918887139033063,0.0
1971-12-31,fr,0.9479871123936334,1.395230397945424,5.91,0.0,0.0
1972-03-31,fr,1.1030951596324279,1.2571252058026339,5.25667,1.7094433359300276,6.5834562113879835
1972-06-30,fr,0.8508666014375166,1.3589573980645309,5.14,0.0,0.0
1972-09-30,fr,1.4252570172143209,1.9181058851844401,4.78667,5.495888428075746,0.0
1972-12-31,fr,1.5576497450963345,2.051353983310289,6.84333,0.0,0.0
1973-03-31,fr,1.7319176855409069,0.8983777434511175,7.80333,10.642946284673126,17.98277643856252
1973-06-30,fr,1.5952678984914037,1.9923182507872728,7.84,12.204743444284095,0.0
1973-09-30,fr,1.5590617368102855,2.4358443832040333,9.57333,13.883644485421609,0.0
1973-12-31,fr,1.0950992637168255,2.638675517319511,11.3,41.773520069997836,0.0
1974-03-31,fr,1.6710057270992174,3.681397312271617,12.75,115.39623837512747,69.75763797226983
1974-06-30,fr,0.6996322415785627,3.985767429123621,12.93,-20.409550029436517,0.0
1974-09-30,fr,0.9291262483627882,3.2743138571914354,14.0067,-5.826876417312565,0.0
1974-12-31,fr,-1.747791455240577,3.079995241242317,12.39,2.9558728169745585,0.0
1975-03-31,fr,-0.6540711851285685,2.723990705533108,9.58667,1.158322248330057,11.809194888679642
1975-06-30,fr,-0.274219163711642,2.394020754600845,7.69333,0.0,0.0
1975-09-30,fr,0.03626870935802273,2.16983624610787,7.16667,0.09592546250134504,0.0
1975-12-31,fr,2.043804616586087,2.164947169685316,6.91333,0.2872164011611833,0.0
1976-03-31,fr,0.9772017864149163,2.4009291624015994,7.22667,9.56577803355474,11.34389186106608
1976-06-30,fr,1.370880754696202,2.2660480656607973,7.82333,0.0,1.6270121163736828
1976-09-30,fr,1.0992186672554638,2.2926980534552666,9.22667,0.7788888378372771,2.6542084451479653
1976-12-31,fr,0.6710647019517069,2.5413846399729767,10.4833,2.553323706356858,2.8404965059530163
1977-03-31,fr,1.144333748770432,1.5239098104370186,9.94,4.9190276247049525,17.905390509673857
1977-06-30,fr,0.32205012759538576,3.0156690318241974,9.19,-0.40080367176114073,4.779623297258828
1977-09-30,fr,0.904624545354693,2.3696953233202755,8.53,1.4354337832792385,2.405884704163297
1977-12-31,fr,0.8109106109972508,1.8698605734482676,9.20333,0.3951027653135153,0.5925345435817242
1978-03-31,fr,1.309786663346646,1.5657229316998755,9.88,-0.1578568413298509,14.186824520376895
1978-06-30,fr,1.0598467789865396,2.7973852042405767,8.20333,0.34170125456531864,1.0200656170163747
1978-09-30,fr,0.7964151306783407,2.657317731384401,7.49333,0.6538560049348163,0.3377226056390459
1978-12-31,fr,1.0776389060004554,2.057360111185824,7.05,5.552051933873203,1.5057941401491526
1979-03-31,fr,0.870394494700566,2.1692824611259542,6.85,39.55517616523001,23.484821024997117
1979-06-30,fr,0.5349571874032399,2.781315920219507,7.76333,40.836665981579316,3.3568183704798304
1979-09-30,fr,1.3085279472581313,3.1692793353000237,10.8233,12.827478149642646,3.124802435425922
1979-12-31,fr,0.2622358798064717,2.791408810992202,12.4967,13.383474466689105,2.431388773994936
1980-03-31,fr,1.0155980430480938,3.749060891549849,13.0,-3.8965968533383855,19.90194792605444
1980-06-30,fr,-0.6098282898178375,3.142735339878966,12.6533,-2.3451661035049476,3.76687849497368
1980-09-30,fr,0.09532007635986162,3.097821278863977,11.6767,-8.95415434856659,3.0801461791537754
1980-12-31,fr,-0.09247338492679447,2.757758119135767,11.4733,14.898234430225132,2.1819792784107506
1981-03-31,fr,0.3520086042358983,2.9241849594497715,11.98,-1.8266345907198556,6.37717456143756
1981-06-30,fr,0.5703098057111333,3.2371403048876424,15.94,-10.905416542706492,3.237645915515941
1981-09-30,fr,0.6291075150541836,3.8317116149715336,17.44,-1.8404662590210563,2.2614724673104103
1981-12-31,fr,0.6377078177184359,3.1930489800247486,15.69,4.074316987395754,2.4455259876323687
1982-03-31,fr,0.7370456982918938,2.8206998262009897,14.9467,-8.085509640933708,2.2149716727851487
1982-06-30,fr,0.6849872584289152,3.029905981135439,16.1367,-0.11631943874945705,3.1512294891046455
1982-09-30,fr,0.18105138162409773,1.4006115493985671,14.5867,1.4510995456491038,1.902139048496032
1982-12-31,fr,0.4535868248641606,1.8176871169333086,13.2367,-0.7110234293925544,2.0087862336149342
1983-03-31,fr,0.4253935343669468,2.617848262822786,12.8533,-10.766619127581167,-3.5750098225718396
1983-06-30,fr,0.12862261899737604,2.7576150724151205,12.6167,1.0539889545880143,-1.8574373752939355
1983-09-30,fr,0.08983584376096587,2.1158918544299965,12.5567,2.408417210007885,0.8958766367043847
1983-12-31,fr,0.5464263647150247,1.873974606766149,12.4967,-4.020229187818991,0.14853556777651988
1984-03-31,fr,0.5863503406432713,1.7155531537982327,12.65,0.20907286447546802,-0.9856912627886238
1984-06-30,fr,0.3034152406081958,1.7910926566529817,12.47,0.3449658485628504,-0.3002413892147615
1984-09-30,fr,0.6037505372985308,1.6740403015202077,11.5633,-4.141346281750735,-0.1504594159820627
1984-12-31,fr,0.12243619667966499,1.427381923340132,10.83,-2.6296271856756537,-1.3644199857016925
1985-03-31,fr,0.15175867323860004,1.340727306232381,10.7467,-0.2838610023884858,0.22507342128195162
1985-06-30,fr,0.77605802411993,1.814632439240338,10.44,-1.555177650083639,-1.689469700524926
1985-09-30,fr,0.6392623119705121,0.9275145819539254,9.94,-0.5376357036380952,-2.748040966692722
1985-12-31,fr,0.37503567040708674,0.6135979206472797,9.19333,3.1029229523722,-3.1537776315115007
1986-03-31,fr,0.33669026947276137,0.12870014646475525,8.80667,-44.283828278105865,-4.18705722043029
1986-06-30,fr,1.1546702101075113,0.7208681596943656,7.45667,-35.15461557980522,-7.007645118224914
1986-09-30,fr,0.4893486354793808,0.6205764207546594,7.19667,-0.17809443709966288,-5.282744886601698
1986-12-31,fr,0.14083073329231866,0.648274861077347,7.70467,16.44110776498127,-0.8756610668251508
1987-03-31,fr,0.2877352152325763,1.1906767645560201,8.32667,18.54672026718753,-15.057711712658817
1987-06-30,fr,1.165642750041851,0.8683571388868216,8.12667,3.608718488891949,-2.4145886847411813
1987-09-30,fr,0.7509288988319263,0.6003250539018623,7.91667,3.043194264771243,-1.6427366211972938
1987-12-31,fr,1.4188451413065017,0.45934853391900177,8.51,-6.872004023139011,0.7073369185315759
1988-03-31,fr,1.3020516778387226,0.4724538240225229,7.94333,-11.707507102504344,3.6698406187295696
1988-06-30,fr,0.7807492063346189,0.9683840239362418,7.75,1.9275171840056782,-10.246128123592113
1988-09-30,fr,1.2934943305189073,0.8994214432457959,7.65667,-13.070897981778185,0.8743764347861838
1988-12-31,fr,1.0507356957115022,0.6099847820834725,8.15667,-6.791975850944176,7.427890593926367
1989-03-31,fr,1.4445601373289207,0.8418925732454063,8.97333,25.62883956470405,-8.141143435659437
1989-06-30,fr,0.9412498739455266,1.2133764830966065,8.83333,7.539435653899362,-1.1337119626323222
1989-09-30,fr,0.8113379801290677,0.6806195269954962,9.20753,-4.920045799114758,-1.7895031511542925
1989-12-31,fr,0.7681095313077257,0.7906315892057592,10.4162,7.232808441002625,12.016461585753158
1990-03-31,fr,1.558502209860002,0.6280351787549598,10.804,3.5582639834254692,11.00943593161463
1990-06-30,fr,0.052802860362799464,0.8783170219184733,9.93147,-18.381263925178672,-15.600974966337322
1990-09-30,fr,0.04166678301054105,0.7447515628800083,10.188,45.47361571149477,-2.669666086574507
1990-12-31,fr,0.2897978020723002,0.989072630851151,10.0226,18.446814400012368,18.883436856580893
1991-03-31,fr,-0.1502017752345708,0.6907058817644973,9.83717,-44.48457468237068,-8.475091636607957
1991-06-30,fr,0.7644517771872472,0.8089438779940394,9.59963,-6.259352793615447,-6.28408592168741
1991-09-30,fr,0.3544066854338723,0.6668959728643564,9.70903,5.719195119217746,-2.0501753815503676
1991-12-31,fr,0.6336938533400449,0.7971399367756149,9.6865,2.5609954586957695,11.815207392959692
1992-03-31,fr,0.7980021827596495,0.469894131705928,10.2708,-13.420641101462483,-23.832059336849287
1992-06-30,fr,-0.1344538927027017,0.773853094639243,10.3359,11.711197765532244,9.87496819183229
1992-09-30,fr,-0.0452192804300644,0.06643194292008658,10.6654,1.6260520871782536,17.338943904475812
1992-12-31,fr,-0.24377788976641668,0.49022953428519145,10.561,-5.193749223712807,8.619168918899955
1993-03-31,fr,-0.7439456162162017,0.7898935224535109,11.6302,-5.509293752988409,-9.444082655000763
1993-06-30,fr,0.26605785923328185,0.6535116710081113,8.07083,0.40154494108044503,6.573295167664339
1993-09-30,fr,0.31104986619867603,0.1952235929463697,7.39203,-10.453882292465977,0.4394274646794205
1993-12-31,fr,0.2992404463947551,0.4411008708892439,6.59577,-6.833307160230451,-0.33166058849585234
1994-03-31,fr,0.4161419045943582,0.400491459659591,6.29333,-9.084964080099711,3.4113109338532954
1994-06-30,fr,1.2159974642338867,0.642593137801839,5.78,15.575452940923284,-14.770595966612854
1994-09-30,fr,0.6736645947905906,0.12802459820582257,5.65333,5.120743905373537,-6.9768003351042385
1994-12-31,fr,0.7525530737964914,0.4213220404194473,5.68333,-3.168765718441602,-1.9226454665684845
1995-03-31,fr,0.5080806597701049,0.5463453015692288,6.58333,4.297768107705657,-0.5693771664339486
1995-06-30,fr,0.5177464592762249,0.5307733931769754,7.58667,5.222840126745831,3.985696593137522
1995-09-30,fr,0.05646623040185261,0.30203899125984535,6.18,-9.76337590375378,-1.838897044064458
1995-12-31,fr,0.09438611378831396,0.5763704716749807,6.1,2.724020448870368,19.320357887497952
1996-03-31,fr,0.7333248809521464,0.6848062620887774,4.39667,7.88694734585329,31.03428449167458
1996-06-30,fr,0.10030983426139173,0.7663819957898887,3.88667,5.9062537600234055,-24.818111997839544
1996-09-30,fr,0.5595243360486002,-0.22189358216850863,3.77,6.717869944514199,-6.97365020570877
1996-12-31,fr,0.10835555511379269,0.40642952676703814,3.37,11.140589293573155,26.590326709595267
1997-03-31,fr,0.3289573341402452,0.49043747150898653,3.23333,-10.033547278199828,-14.990624161376953
1997-06-30,fr,1.2758923171478642,0.24431969153049238,3.35,-13.239148408370971,-10.140098293928324
1997-09-30,fr,0.7312357729014174,0.13412182709213738,3.33667,0.9459146474582791,8.230949428665024
1997-12-31,fr,1.11326986775655,0.2798566041403383,3.54333,0.9381323031559585,7.103988668353756
1998-03-31,fr,0.8244406872876198,0.08501852701332524,3.50333,-28.62402820121197,-16.943575601701433
1998-06-30,fr,0.730799086667755,0.48443839441469905,3.53333,-5.395188008060137,-0.2073743581352705
1998-09-30,fr,0.8803473483737889,-0.24192584679667561,3.49,-2.5691115377771467,-9.474799096998732
1998-12-31,fr,0.6767323875222608,-0.07269203130855217,3.33667,-9.229607886471225,-6.199143771191329
1999-03-31,fr,0.5547042020650039,0.0848022341692456,2.9856,-0.5358414701275738,-5.821655116342894
1999-06-30,fr,0.8525743272329578,0.6036478549967583,2.55573,31.223903399162587,13.320263699557255
1999-09-30,fr,1.1664756112819141,-0.09633912113136134,2.50567,24.852068015745708,12.311451096504289
1999-12-31,fr,1.2892170691946703,0.3968020597516997,2.8751,13.924485085130689,3.956230055524701
2000-03-31,fr,1.006203104403447,0.5505040231080116,3.3552,11.660861686591861,13.206868354479662
2000-06-30,fr,0.8368763494537745,0.5712261159066756,4.0694,0.3199868314346155,23.145988011132744
2000-09-30,fr,0.7506186022664174,0.36719022600806284,4.59737,10.900032131204807,17.471497155468008
2000-12-31,fr,0.7742482629727654,0.4011804790712503,4.94013,-0.6573737372990163,29.779658250071517
2001-03-31,fr,0.5118935514053291,-0.04711425293280058,4.7546,-12.840661897236982,-1.3220712861189199
2001-06-30,fr,0.1806829418107725,1.2992516117077635,4.6198,2.5399676328532017,-27.988693023461497
2001-09-30,fr,0.28488157319346286,0.10460859906693543,4.27267,-5.6381156925890075,-35.067867401768325
2001-12-31,fr,-0.017670888582443922,0.04645760826882395,3.38453,-26.912154056593263,-10.86486735514125
2002-03-31,fr,0.41950226135911706,0.6827544892906268,3.35297,8.008316190318787,-1.661418372941048
2002-06-30,fr,0.4157781952723205,0.7811642250383777,3.4454,18.589679124252978,17.91735693124261
2002-09-30,fr,0.3573181787125179,0.2514287038819951,3.34317,6.673188568673627,-1.5639834822183118
2002-12-31,fr,-0.050873752315894194,0.4100700586310957,3.039,-1.0637387799840248,23.246071231247
2003-03-31,fr,0.17282166142766897,0.8940250799810201,2.63637,16.173931134846242,32.17251254581619
2003-06-30,fr,-0.14487064540098515,0.3374201829163148,2.3072,-16.69840639383886,-7.6964498516232105
2003-09-30,fr,0.7038367877274077,0.26911879888968926,2.079,6.817303104145189,-11.167181257808778
2003-12-31,fr,0.7363719221344489,0.6585212702853838,2.0796,3.413740197524451,2.9728005783304035
2004-03-31,fr,0.9128511863569777,0.5214991014494963,2.0138,8.958835879254234,7.229461396940184
2004-06-30,fr,0.5724520639541097,0.9143550345771523,2.02473,10.293660373848512,6.859726798713517
2004-09-30,fr,0.3699639547551037,0.1643565811279224,2.0164,12.944343728869967,-5.909950376224771
2004-12-31,fr,0.6397535255215026,0.4696639074068365,2.0447,5.191928850856664,13.956212139294433
2005-03-31,fr,0.3097690738097292,0.15243905390969203,2.038,8.012055305133181,3.2123785508210823
2005-06-30,fr,0.12673265710017034,0.8990041593296638,2.01947,9.367489354966008,7.359330416590559
2005-09-30,fr,0.5061623643203284,0.34445674531875525,2.01747,16.64170867923085,30.3108096111691
2005-12-31,fr,0.7439460785870544,0.2682836829428048,2.20923,-5.88638693726482,18.194822493191243
2006-03-31,fr,0.8222141556754714,0.25687694741680644,2.45513,7.620260691704939,-32.819690467118704
2006-06-30,fr,0.831345391043925,1.0315399598607833,2.6798,11.27164433473844,-9.954091302179169
2006-09-30,fr,0.02172035357910218,0.11630982014345648,3.03523,0.7033952467447868,-2.8200924074151423
2006-12-31,fr,0.7322736237199479,-0.10573060828482639,3.38643,-15.331451402879992,7.215690278970399
2007-03-31,fr,0.7719473205093585,0.11629752328383702,3.66897,-3.079216087196812,3.4174981938241977
2007-06-30,fr,0.7126458011090797,1.0406358691319895,3.91733,14.467198378714485,0.8040485136648456
2007-09-30,fr,0.3288065156097808,0.20892099942200204,3.99043,10.555634032393346,-11.208898343194917
2007-12-31,fr,0.326545577337356,0.9554543554219919,3.87947,17.56334885903099,12.689155970324872
2008-03-31,fr,0.345728845116966,0.7003839527358835,3.88363,8.42231870236434,18.58818761257064
2008-06-30,fr,-0.463936483963856,1.3862213619132646,4.02633,23.844680310142063,22.29855801855951
2008-09-30,fr,-0.28256677851521417,0.16182869921923526,4.23623,-4.469477094353014,-8.384818757166812
2008-12-31,fr,-1.4586860228682497,-0.506586696344069,2.32953,-72.54751301473217,-14.689428898609425
2009-03-31,fr,-1.7066858285640585,-0.417324642522221,1.064,-23.85841593919258,-30.594333794729334
2009-06-30,fr,-0.10510925990452336,0.5492842617319305,0.733833,29.40246284896677,-29.55943033382482
2009-09-30,fr,0.16068661193013867,-0.05073309428480499,0.398967,14.18337143507582,-14.988815284443024
2009-12-31,fr,0.6208929701480237,0.2837743872488474,0.3921,10.154556489983513,22.905263468522374
2010-03-31,fr,0.498559223457562,0.5349495472332322,0.3113,2.0394389303510785,14.586896026915852
2010-06-30,fr,0.620225711786393,0.8320432944469047,0.245367,1.4362853620275118,-15.42908671945371
2010-09-30,fr,0.4594605925316131,-0.11986815939311057,0.375467,-3.4725518570446923,3.3337932199964726
2010-12-31,fr,0.6092162009551316,0.37909063755057204,0.5729,12.334849323739405,-4.86351217346952
2011-03-31,fr,1.084100687059042,0.6846962993299677,0.64,15.508918483291012,9.784047894209635
2011-06-30,fr,-0.04736127999356299,1.1015060230676887,0.998667,9.828934543596812,6.996082158519723
2011-09-30,fr,0.2822637131876249,-0.04891650051064289,0.760833,-6.550798868646979,1.397803264964459
2011-12-31,fr,0.2183152613771,0.6826630763600683,0.373933,0.08432369440249943,-6.36764222806816
2012-03-31,fr,-0.06319387523197051,0.552460818765077,0.1162,8.680109087110122,-10.214727639712606
2012-06-30,fr,-0.17727323223919456,0.7990415557752151,0.0713333,-9.004871959182292,-1.729916490376926
2012-09-30,fr,0.24672562737242387,-0.07673861287855743,-0.00633333,-0.054175032864822725,5.9199644342464275
2012-12-31,fr,0.013689146874629188,0.23961290038165828,0.0161333,-0.826193733646452,7.389081290097632
2013-03-31,fr,-0.04205119942115587,0.09568463078135636,0.0175333,3.05455404874726,2.1281578389934275
2013-06-30,fr,0.6670142465948103,0.5436610271773112,0.0173333,-5.643466685650633,7.80028491389313
2013-09-30,fr,0.020208026152612746,0.057055916344328494,0.0527333,7.812600068947351,-9.023792509919737
2013-12-31,fr,0.23364995366650376,-0.04754433598801455,0.0846667,-2.717763338884094,3.207494534878119
2014-03-31,fr,-0.030242815138681323,0.17105392368064187,0.146,-0.8236872194590461,13.270718536805681
2014-06-30,fr,0.1722229482152393,0.44526623705740676,0.125133,2.536979561338626,-10.092801308415567
2014-09-30,fr,0.36747486709449717,-0.17029332403000197,-0.0105667,-5.751380587245247,-12.38448623746402
2014-12-31,fr,0.11371675733427011,-0.1610993004185879,-0.0314,-29.688246503311078,-0.46855605957398794
2015-03-31,fr,0.6311810290203113,-0.35152760535135386,-0.1256,-36.900995491868386,-17.872850023726716
2015-06-30,fr,0.02086246190362573,0.9000960858976725,-0.184767,15.882705061233438,-13.531584641253414
2015-09-30,fr,0.3703966174977147,-0.3022862683468297,-0.201967,-21.47379679902439,-2.6725632634033047
2015-12-31,fr,0.23177806162033576,-0.16096201931929954,-0.283967,-14.435292183290827,-16.300594566312387
2016-03-31,fr,0.5855218554270181,-0.4749249048314752,-0.3954,-25.48778158346923,-16.131725611915115
2016-06-30,fr,-0.11069598622759358,0.9287405650321823,-0.489267,31.412507498176325,-5.384465762455681
2016-09-30,fr,0.23468129775681135,-0.018867924584231588,-0.587467,-0.24588649457850664,19.30683848250596
2016-12-31,fr,0.45004288036691875,0.06602216698201602,-0.752933,9.344789970468748,7.4465476917245255
1960-06-30,it,1.4569348822079498,-0.24183808642814775,5.333333333300003,0.0,0.0
1960-09-30,it,1.457944976315595,0.4830927269665608,5.333333333300003,0.0,0.0
1960-12-31,it,0.07672494484998182,0.4807701568103173,5.333333333300003,0.0,0.0
1961-03-31,it,3.5200878836306515,0.7168489478612594,5.333333333300003,-3.7504465667605125,3.2955847613321376
1961-06-30,it,2.0934404867253065,0.4750602758597733,5.333333333300003,0.0,0.0
1961-09-30,it,2.303895482403817,0.47281411959458897,5.333333333300003,0.0,0.0
1961-12-31,it,1.8950785210730459,0.9389740349839082,5.333333333300003,0.0,0.0
1962-03-31,it,1.4690922336217938,1.3921338518608106,5.333333333300003,-3.2365284502031577,3.190432152557654
1962-06-30,it,1.0708825079981388,1.6000341346441127,5.333333333300003,0.0,0.0
1962-09-30,it,0.598572939912767,0.9029406719394117,5.333333333300003,0.0,0.0
1962-12-31,it,1.4904259842341894,1.5607897665991022,5.333333333300003,0.0,0.0
1963-03-31,it,0.6616281224482101,3.4786116085415486,5.333333333300003,-1.3245226750020767,-1.6638351295601428
1963-06-30,it,2.704500134865029,1.2739025777429802,5.333333333300003,0.0,0.0
1963-09-30,it,1.6279746564404896,0.4210532536343514,5.333333333300003,0.0,0.0
1963-12-31,it,1.0231645532281952,2.2846268851169915,5.333333333300003,0.0,0.0
1964-03-31,it,1.4713968703948588,1.4271394105332735,5.333333333300003,-3.390155167568137,-4.178984876552505
1964-06-30,it,-1.0170328654076854,1.207258123426902,5.333333333300003,0.0,0.0
1964-09-30,it,-0.16903166695305671,1.587334915629035,5.333333333300003,0.0,0.0
1964-12-31,it,-0.41936264894415487,1.3685453085254151,5.333333333300003,0.0,0.0
1965-03-31,it,1.3411098468036897,1.1583141089630766,5.333333333300003,-2.090668481931368,6.576729277830506
1965-06-30,it,1.9742080733691658,0.5741642567675287,5.333333333300003,0.0,0.0
1965-09-30,it,1.323270726657455,1.1385322225125227,5.333333333300003,0.0,0.0
1965-12-31,it,1.491173949568303,0.5644417619677045,5.333333333300003,0.0,0.0
1966-03-31,it,0.9624713374210891,0.5612736904957671,5.333333333300003,-4.31721718652086,1.7135059114040452
1966-06-30,it,1.4142401695218076,0.3724399090982322,5.333333333300003,0.0,0.0
1966-09-30,it,2.785830816193968,0.1857010747212673,5.333333333300003,0.0,0.0
1966-12-31,it,0.4780504682182496,0.9233675946945574,5.333333333300003,0.0,0.0
1967-03-31,it,1.9754311755164622,1.8215439891341,5.333333333300003,-2.230575751429825,3.7343041580297776
1967-06-30,it,2.1280679712410766,0.7194275634027303,5.333333333300003,0.0,0.0
1967-09-30,it,1.5292901570451711,0.7142887512380014,5.333333333300003,0.0,0.0
1967-12-31,it,1.9566892908806643,0.3552401604367761,5.333333333300003,0.0,0.0
1968-03-31,it,0.24283466070409432,0.3539826705124094,5.333333333300003,-0.7547205635382914,-0.5615232117318181
1968-06-30,it,2.0730276492384014,0.17652255245692583,5.333333333300003,0.0,0.0
1968-09-30,it,2.375983159714412,-0.17652255245692583,5.333333333300003,0.0,0.0
1968-12-31,it,2.3139690683669834,0.3527340517968325,5.333333333300003,0.0,0.0
1969-03-31,it,1.5540116438842233,0.8764297993588466,5.333333333300003,-3.8614836127779633,2.9272942140502245
1969-06-30,it,1.7896519743458406,1.0416760858255492,5.333333333300003,0.0,0.0
1969-09-30,it,0.2388694653147283,1.03093696588612,5.833333333300003,0.0,0.0
1969-12-31,it,-2.0420486632184875,1.020417017424191,5.833333333300003,0.0,0.0
1970-03-31,it,4.569348219022551,1.5113637810048042,7.333333333300003,-4.839654086185022,-0.5207199524420725
1970-06-30,it,0.7273354031850587,1.324522675002071,7.333333333300003,0.0,0.0
1970-09-30,it,1.9864761450673285,0.8190053970044353,7.333333333300003,0.0,0.0
1970-12-31,it,0.1117587068345749,1.4575156802967948,7.333333333300003,0.0,0.0
1971-03-31,it,-0.5244135749208567,1.2779726646398926,7.333333333300003,30.40758822274573,8.746516665597781
1971-06-30,it,0.4211041553404904,1.1049836186585171,6.596666666700004,0.0,0.0
1971-09-30,it,1.454151514661639,0.7818648117797755,6.593333333300004,5.918887139033063,0.0
1971-12-31,it,0.5629472447850503,1.3921338518608106,6.506666666700004,0.0,0.0
1972-03-31,it,1.0987530066190132,1.3730192811901798,6.606666666700003,1.7094433359300276,6.5834562113879835
1972-06-30,it,-0.04531865021046855,1.3544225107757324,6.023333333300004,0.0,0.0
1972-09-30,it,1.339161569175129,1.7778246021283861,5.783333333300003,5.495888428075746,0.0
1972-12-31,it,0.4741275605836037,2.6088436084298117,6.286666666700004,0.0,0.0
1973-03-31,it,0.8974570961459705,2.681882681441383,7.166666666700004,10.642946284673126,17.98277643856252
1973-06-30,it,2.9526573928921884,3.2879674119156155,7.1300000000000034,12.204743444284095,0.0
1973-09-30,it,3.1322130061016473,2.396919011299614,8.626666666700004,13.883644485421609,0.0
1973-12-31,it,2.4132615590183093,2.5975486403261083,8.780000000000005,41.773520069997836,0.0
1974-03-31,it,0.807724974927293,5.244647537254243,10.280000000000003,115.39623837512747,69.75763797226983
1974-06-30,it,0.9505319117951494,4.983237374787564,15.163333333300004,-20.409550029436517,0.0
1974-09-30,it,0.16657362889427318,5.844359587007464,18.569999999900002,-5.826876417312565,0.0
1974-12-31,it,-2.112532278038426,6.036771751187464,18.266666666600003,2.9558728169745585,0.0
1975-03-31,it,-1.7549149592740676,3.434681053255728,14.786666666600004,1.158322248330057,11.809194888679642
1975-06-30,it,-0.051622859722399994,2.645916234981227,11.719999999900004,0.0,0.0
1975-09-30,it,1.4114188341331158,1.9157674032932892,10.623333333300003,0.09592546250134504,0.0
1975-12-31,it,1.1141024138961342,2.8987536873252395,9.410000000000004,0.2872164011611833,0.0
1976-03-31,it,1.746492344017625,4.063764573182649,11.819999999900004,9.56577803355474,11.34389186106608
1976-06-30,it,1.791310172459415,6.0936910373597275,18.979999999900002,0.0,1.6270121163736828
1976-09-30,it,2.5097009265400594,2.7916426982093956,17.883333333300005,0.7788888378372771,2.6542084451479653
1976-12-31,it,1.7197958737331653,5.819251684782234,18.026666666700002,2.553323706356858,2.8404965059530163
1977-03-31,it,0.03960177646815666,3.7485648241244007,16.913333333300002,4.9190276247049525,17.905390509673857
1977-06-30,it,-0.5584193229116075,3.684056922107004,16.23,-0.40080367176114073,4.779623297258828
1977-09-30,it,-0.9397494494687741,2.521141934649629,14.31,1.4354337832792385,2.405884704163297
1977-12-31,it,0.853203143535719,3.3325083106076736,12.8867,0.3951027653135153,0.5925345435817242
1978-03-31,it,1.6210830796755005,2.575249610241448,12.2767,-0.1578568413298509,14.186824520376895
1978-06-30,it,1.7149690318593258,3.01788552822706,11.9667,0.34170125456531864,1.0200656170163747
1978-09-30,it,0.5248366565199447,2.3751116468163413,11.8667,0.6538560049348163,0.3377226056390459
1978-12-31,it,1.5123372321380835,2.921692907315876,11.8467,5.552051933873203,1.5057941401491526
1979-03-31,it,1.5676235170274389,3.82512063715863,12.05,39.55517616523001,23.484821024997117
1979-06-30,it,0.7244652674657459,3.5728211799998633,11.9567,40.836665981579316,3.3568183704798304
1979-09-30,it,1.7156073756826373,3.4495618451404475,12.0567,12.827478149642646,3.124802435425922
1979-12-31,it,2.326616678070348,5.446372075152484,13.9833,13.383474466689105,2.431388773994936
1980-03-31,it,0.41008982928518734,6.27211214312573,15.24,-3.8965968533383855,19.90194792605444
1980-06-30,it,0.21027757785461176,3.8502408321726023,15.74,-2.3451661035049476,3.76687849497368
1980-09-30,it,-0.15989251553669703,4.150347575524549,15.8033,-8.95415434856659,3.0801461791537754
1980-12-31,it,0.6543979301823377,4.704211448407891,16.8767,14.898234430225132,2.1819792784107506
1981-03-31,it,-0.057355831853911354,4.129405845996503,17.5533,-1.8266345907198556,6.37717456143756
1981-06-30,it,0.19480751422351616,4.314938114103262,19.4533,-10.905416542706492,3.237645915515941
1981-09-30,it,0.04629958236215259,2.977319152440616,20.3733,-1.8404662590210563,2.2614724673104103
1981-12-31,it,0.8083710279430001,4.486046299094504,21.43,4.074316987395754,2.4455259876323687
1982-03-31,it,-0.039530925699171604,3.9483450742169968,20.24,-8.085509640933708,2.2149716727851487
1982-06-30,it,-0.28457828170891375,2.9964788701936307,19.9483,-0.11631943874945705,3.1512294891046455
1982-09-30,it,-0.05350184840828831,4.011057077030911,18.6975,1.4510995456491038,1.902139048496032
1982-12-31,it,-0.29119236720704933,4.505408362615615,18.8649,-0.7110234293925544,2.0087862336149342
1983-03-31,it,0.2793778314275741,3.4517504882713546,18.9533,-10.766619127581167,-3.5750098225718396
1983-06-30,it,-0.12048124007408845,2.846018696437458,17.7954,1.0539889545880143,-1.8574373752939355
1983-09-30,it,1.8451016714664092,2.287774928385611,17.4671,2.408417210007885,0.8958766367043847
1983-12-31,it,2.192585750146492,3.391097581372593,17.3633,-4.020229187818991,0.14853556777651988
1984-03-31,it,-0.19630542396100736,2.8823544197890794,16.1133,0.20907286447546802,-0.9856912627886238
1984-06-30,it,0.32144744091766597,2.2319424597811555,15.25,0.3449658485628504,-0.3002413892147615
1984-09-30,it,1.1705893248679544,1.4436961240161583,15.1602,-4.141346281750735,-0.1504594159820627
1984-12-31,it,0.016043083481420695,2.377451380216433,14.9454,-2.6296271856756537,-1.3644199857016925
1985-03-31,it,0.5700994218448052,2.8823278730499613,13.53,-0.2838610023884858,0.22507342128195162
1985-06-30,it,1.3122355401634422,2.328198284822136,14.1683,-1.555177650083639,-1.689469700524926
1985-09-30,it,0.7978247806121885,1.1792589489823424,13.954,-0.5376357036380952,-2.748040966692722
1985-12-31,it,0.6645827213213273,2.1571055578785803,13.1944,3.1029229523722,-3.1537776315115007
1986-03-31,it,0.621246163202116,1.5483005106429637,13.35,-44.283828278105865,-4.18705722043029
1986-06-30,it,0.6447298211508468,1.011585562298567,11.4,-35.15461557980522,-7.007645118224914
1986-09-30,it,0.9931742733630955,0.5576015339546547,10.5767,-0.17809443709966288,-5.282744886601698
1986-12-31,it,0.4097495536046658,1.1939120371469158,10.29,16.44110776498127,-0.8756610668251508
1987-03-31,it,0.40878786254117117,1.4184634991956546,9.99667,18.54672026718753,-15.057711712658817
1987-06-30,it,1.503029501519304,1.1633048033984128,9.87633,3.608718488891949,-2.4145886847411813
1987-09-30,it,0.2882258264333082,1.022808831332478,11.1946,3.043194264771243,-1.6427366211972938
1987-12-31,it,1.0702476398646077,1.6192131710067947,11.8499,-6.872004023139011,0.7073369185315759
1988-03-31,it,1.4609851432763499,1.2025855069611069,11.0473,-11.707507102504344,3.6698406187295696
1988-06-30,it,0.6332604761124294,1.0456271587292676,10.7829,1.9275171840056782,-10.246128123592113
1988-09-30,it,1.3054084042469327,0.9742313710189521,11.3634,-13.070897981778185,0.8743764347861838
1988-12-31,it,1.1868264655618965,1.761807331917531,11.552,-6.791975850944176,7.427890593926367
1989-03-31,it,0.6192829717019954,1.9066916689198798,12.1189,25.62883956470405,-8.141143435659437
1989-06-30,it,0.43146471593669133,1.6031246273616073,11.967,7.539435653899362,-1.1337119626323222
1989-09-30,it,1.037041118661275,0.9155127839976185,12.8025,-4.920045799114758,-1.7895031511542925
1989-12-31,it,1.0238800911463564,1.712983062116491,13.4301,7.232808441002625,12.016461585753158
1990-03-31,it,0.39782498365648067,2.032214773928631,12.9326,3.5582639834254692,11.00943593161463
1990-06-30,it,0.3043207787093216,1.2539918979126874,12.1193,-18.381263925178672,-15.600974966337322
1990-09-30,it,0.16021618706609786,1.3454324399384099,11.7698,45.47361571149477,-2.669666086574507
1990-12-31,it,-0.6517034117389464,1.8711931659905368,12.6928,18.446814400012368,18.883436856580893
1991-03-31,it,1.9543333545452235,1.6821692070507765,13.0091,-44.48457468237068,-8.475091636607957
1991-06-30,it,-0.5487438056693605,1.4172524422456867,12.0626,-6.259352793615447,-6.28408592168741
1991-09-30,it,0.0358137673056369,1.1630978146860649,12.4417,5.719195119217746,-2.0501753815503676
1991-12-31,it,1.1668125379123317,1.3979259100239005,12.6329,2.5609954586957695,11.815207392959692
1992-03-31,it,0.2685846597339392,1.5577916068108877,12.4425,-13.420641101462483,-23.832059336849287
1992-06-30,it,-0.05726150697089594,1.2289934767152566,13.5335,11.711197765532244,9.87496819183229
1992-09-30,it,-0.22230258763027422,0.7525453816385586,16.1265,1.6260520871782536,17.338943904475812
1992-12-31,it,-0.6916938952645779,1.2050248874520442,15.1692,-5.193749223712807,8.619168918899955
1993-03-31,it,-0.13956258289180568,1.2840765222797756,12.307,-5.509293752988409,-9.444082655000763
1993-06-30,it,-0.24154574414438912,1.206324557531957,11.4595,0.40154494108044503,6.573295167664339
1993-09-30,it,-0.15783338224100163,0.9942720532050586,9.62143,-10.453882292465977,0.4394274646794205
1993-12-31,it,0.7304563106486306,0.999553983167889,8.93437,-6.833307160230451,-0.33166058849585234
1994-03-31,it,0.7587825612191956,1.0791471632764171,8.77653,-9.084964080099711,3.4113109338532954
1994-06-30,it,0.721033391953263,0.9200242963220973,8.51897,15.575452940923284,-14.770595966612854
1994-09-30,it,0.6215337302595714,0.765159707227081,9.50433,5.120743905373537,-6.9768003351042385
1994-12-31,it,0.9345667416281067,1.1078830518195026,9.86037,-3.168765718441602,-1.9226454665684845
1995-03-31,it,1.2477579601016586,1.4678634540664426,10.676,4.297768107705657,-0.5693771664339486
1995-06-30,it,0.0701267554299001,1.8541327990853063,11.1385,5.222840126745831,3.985696593137522
1995-09-30,it,0.44381959050516784,1.0601298896137479,10.8146,-9.76337590375378,-1.838897044064458
1995-12-31,it,0.8247425276532994,1.0490089293473837,10.7693,2.724020448870368,19.320357887497952
1996-03-31,it,0.4334707197259924,1.092459315080152,9.69687,7.88694734585329,31.03428449167458
1996-06-30,it,-0.3831402568204467,1.0940880393424557,8.69147,5.9062537600234055,-24.818111997839544
1996-09-30,it,0.025559192910229456,0.2549139369246056,8.407,6.717869944514199,-6.97365020570877
1996-12-31,it,-0.0818611612134923,0.48122001700017236,7.0547,11.140589293573155,26.590326709595267
1997-03-31,it,0.48328070323382377,0.6247943222867036,6.90153,-10.033547278199828,-14.990624161376953
1997-06-30,it,1.1631858366483172,0.5154991258376818,6.5492,-13.239148408370971,-10.140098293928324
1997-09-30,it,0.647283124016429,0.18440468871521176,6.2712,0.9459146474582791,8.230949428665024
1997-12-31,it,1.6243753347085388,0.6296754374440106,5.61147,0.9381323031559585,7.103988668353756
1998-03-31,it,-0.7472784433886659,0.6777036233824418,5.3953,-28.62402820121197,-16.943575601701433
1998-06-30,it,0.5446025853350633,0.531123730572336,4.8678,-5.395188008060137,-0.2073743581352705
1998-09-30,it,0.11417439644478833,0.18071516471014348,4.4278,-2.5691115377771467,-9.474799096998732
1998-12-31,it,-0.3916002845598676,0.30903964848185694,3.6777,-9.229607886471225,-6.199143771191329
1999-03-31,it,0.6179236936154631,0.359343302486792,3.03613,-0.5358414701275738,-5.821655116342894
1999-06-30,it,0.27910506355217635,0.5875607655791093,2.64963,31.223903399162587,13.320263699557255
1999-09-30,it,0.7757732476108892,0.4447558001639429,2.9007,24.852068015745708,12.311451096504289
1999-12-31,it,1.5120107009818362,0.669744084319035,3.43927,13.924485085130689,3.956230055524701
2000-03-31,it,1.0120044676225959,0.6277484519138454,3.81517,11.660861686591861,13.206868354479662
2000-06-30,it,0.8135701325366007,0.7108591385812879,4.4908,0.3199868314346155,23.145988011132744
2000-09-30,it,0.5400125081385099,0.5947235965602538,4.88557,10.900032131204807,17.471497155468008
2000-12-31,it,1.6272152070790469,0.7016708790825277,4.92003,-0.6573737372990163,29.779658250071517
2001-03-31,it,0.3835939224466678,0.8428560249572392,4.53503,-12.840661897236982,-1.3220712861189199
2001-06-30,it,-0.48539488773649,0.8719929299070728,4.4117,2.5399676328532017,-27.988693023461497
2001-09-30,it,-0.22584110655792244,0.34908250916823036,4.051,-5.6381156925890075,-35.067867401768325
2001-12-31,it,-0.10356253132659532,0.311937865420564,3.2087,-26.912154056593263,-10.86486735514125
2002-03-31,it,0.08221193882418376,0.8469067140572051,3.42533,8.008316190318787,-1.661418372941048
2002-06-30,it,0.3977758467905268,0.7337311024036453,3.53583,18.589679124252978,17.91735693124261
2002-09-30,it,0.2862704219055878,0.4822687698156969,3.23463,6.673188568673627,-1.5639834822183118
2002-12-31,it,0.14093476644099212,0.6666301513107875,2.8614,-1.0637387799840248,23.246071231247
2003-03-31,it,-0.12499482546388663,0.8010723746078696,2.41813,16.173931134846242,32.17251254581619
2003-06-30,it,-0.33562741043562383,0.714371052750451,2.1387,-16.69840639383886,-7.6964498516232105
2003-09-30,it,0.2648283362632675,0.5267388796204919,2.05373,6.817303104145189,-11.167181257808778
2003-12-31,it,0.5356866692853401,0.45578930318983524,2.14137,3.413740197524451,2.9728005783304035
2004-03-31,it,0.5062791702261649,0.5668306753620733,1.97987,8.958835879254234,7.229461396940184
2004-06-30,it,0.33780864848500514,0.7545505702444721,2.08613,10.293660373848512,6.859726798713517
2004-09-30,it,0.2953970685356744,0.4254372740222223,2.12357,12.944343728869967,-5.909950376224771
2004-12-31,it,0.009163933299660698,0.21204181819021173,2.12843,5.191928850856664,13.956212139294433
2005-03-31,it,-0.08602027691786418,0.51151006667709,2.13657,8.012055305133181,3.2123785508210823
2005-06-30,it,0.8085939394455899,0.6853127296798434,2.05687,9.367489354966008,7.359330416590559
2005-09-30,it,0.6657833815429726,0.5930824633275655,2.0762,16.64170867923085,30.3108096111691
2005-12-31,it,0.2070532337398845,0.3388907315526879,2.41997,-5.88638693726482,18.194822493191243
2006-03-31,it,0.48678783383087065,0.5007630756153958,2.6996,7.620260691704939,-32.819690467118704
2006-06-30,it,0.5746467505907127,0.7680280058878886,3.01873,11.27164433473844,-9.954091302179169
2006-09-30,it,0.3857996072962777,0.537346806114325,3.3808,0.7033952467447868,-2.8200924074151423
2006-12-31,it,1.1116644818037535,0.0,3.63173,-15.331451402879992,7.215690278970399
2007-03-31,it,0.23063640192502177,0.4171352109798576,3.86323,-3.079216087196812,3.4174981938241977
2007-06-30,it,-0.011908191946474744,0.6277618104833849,4.11553,14.467198378714485,0.8040485136648456
2007-09-30,it,-0.10650362041717543,0.5816736827705782,4.1554,10.555634032393346,-11.208898343194917
2007-12-31,it,-0.05003527961804366,0.7040432591048251,4.0087,17.56334885903099,12.689155970324872
2008-03-31,it,0.8245676921184497,1.0934761387838776,3.87607,8.42231870236434,18.58818761257064
2008-06-30,it,-0.7682298600315995,1.1226236650236032,4.21807,23.844680310142063,22.29855801855951
2008-09-30,it,-1.3055476369667751,0.978401608383006,4.37667,-4.469477094353014,-8.384818757166812
2008-12-31,it,-2.3530118842438164,-0.43705919041592267,2.56,-72.54751301473217,-14.689428898609425
2009-03-31,it,-2.9436638560507156,-0.1937293494001402,1.36667,-23.85841593919258,-30.594333794729334
2009-06-30,it,-0.5675455930208351,0.5090105665769507,1.05333,29.40246284896677,-29.55943033382482
2009-09-30,it,0.5085780413293328,0.24340782808796035,0.656667,14.18337143507582,-14.988815284443024
2009-12-31,it,0.25025191974314964,0.09112540497939747,0.743333,10.154556489983513,22.905263468522374
2010-03-31,it,0.33937047942478316,0.4342344616728333,0.71,2.0394389303510785,14.586896026915852
2010-06-30,it,0.7657548089239796,0.622804624886264,1.08667,1.4362853620275118,-15.42908671945371
2010-09-30,it,0.5715814073277592,0.45958718121479336,1.16333,-3.4725518570446923,3.3337932199964726
2010-12-31,it,0.5241528419825059,0.258835385920797,1.57333,12.334849323739405,-4.86351217346952
2011-03-31,it,0.24186069307701175,0.969632609265858,1.64333,15.508918483291012,9.784047894209635
2011-06-30,it,0.1266898007884265,0.9505681845523029,1.91,9.828934543596812,6.996082158519723
2011-09-30,it,-0.46971336174541634,0.5834889645977448,2.86333,-6.550798868646979,1.397803264964459
2011-12-31,it,-1.0229452045399157,0.7438569777203696,4.72667,0.08432369440249943,-6.36764222806816
2012-03-31,it,-0.9354935454918056,0.9197229039204835,1.67,8.680109087110122,-10.214727639712606
2012-06-30,it,-0.793181572483892,0.986912546297436,2.51333,-9.004871959182292,-1.729916490376926
2012-09-30,it,-0.4711202112579471,0.4710324300183366,2.06,-0.054175032864822725,5.9199644342464275
2012-12-31,it,-0.6381529641976691,0.06576784189711304,1.33667,-0.826193733646452,7.389081290097632
2013-03-31,it,-1.046661441120822,0.3749887210290126,1.0,3.05455404874726,2.1281578389934275
2013-06-30,it,0.11213612595559752,0.24299077376612743,0.743333,-5.643466685650633,7.80028491389313
2013-09-30,it,0.25381318584134505,0.4377597453217419,0.9349,7.812600068947351,-9.023792509919737
2013-12-31,it,-0.04745592987891456,-0.3724399090982544,0.742767,-2.717763338884094,3.207494534878119
2014-03-31,it,0.06308541949859858,0.18639334380630146,0.592,-0.8236872194590461,13.270718536805681
2014-06-30,it,-0.03988734969357921,0.18604656529195296,0.517733,2.536979561338626,-10.092801308415567
2014-09-30,it,0.10028768130965204,-0.06507693252491009,0.256667,-5.751380587245247,-12.38448623746402
2014-12-31,it,-0.04680166740405056,-0.2141228765782266,0.33,-29.688246503311078,-0.46855605957398794
2015-03-31,it,0.2808891866732388,-0.1585599362186052,0.136667,-36.900995491868386,-17.872850023726716
2015-06-30,it,0.3702006994161344,0.5027943553159275,0.03,15.882705061233438,-13.531584641253414
2015-09-30,it,0.08693977808427178,0.055710307847522955,0.0613333,-21.47379679902439,-2.6725632634033047
2015-12-31,it,0.21567473361860934,-0.24163580530389694,-0.0333333,-14.435292183290827,-16.300594566312387
2016-03-31,it,0.4424476693887236,-0.410256985677826,-0.06,-25.48778158346923,-16.131725611915115
2016-06-30,it,0.09652207097126109,0.20533888118423604,-0.156667,31.412507498176325,-5.384465762455681
2016-09-30,it,0.2598673062382595,0.4279872554552533,-0.203333,-0.24588649457850664,19.30683848250596
2016-12-31,it,0.1830421131460369,-0.10217826349947501,-0.25,9.344789970468748,7.4465476917245255
